{
  "type": "FeatureCollection",
  "generator": "overpass-turbo",
  "copyright": "The data included in this document is from www.openstreetmap.org. The data is made available under ODbL.",
  "timestamp": "2026-06-21T05:04:36Z",
  "features": [
    {
      "type": "Feature",
      "properties": {
        "@id": "way/99365995",
        "area": "yes",
        "highway": "pedestrian"
      },
      "geometry": {
        "type": "Polygon",
        "coordinates": [
          [
            [
              135.7647521,
              34.9957173
            ],
            [
              135.7647655,
              34.9957152
            ],
            [
              135.7647584,
              34.9956858
            ],
            [
              135.764753,
              34.9956606
            ],
            [
              135.7647272,
              34.9956645
            ],
            [
              135.7647182,
              34.9956517
            ],
            [
              135.7646542,
              34.9956623
            ],
            [
              135.764609,
              34.9955934
            ],
            [
              135.7647347,
              34.9955397
            ],
            [
              135.7647028,
              34.9954875
            ],
            [
              135.7647873,
              34.9954611
            ],
            [
              135.7647933,
              34.9954713
            ],
            [
              135.7648696,
              34.9954646
            ],
            [
              135.7648862,
              34.9954631
            ],
            [
              135.7648973,
              34.995468
            ],
            [
              135.7649767,
              34.9954589
            ],
            [
              135.7649795,
              34.995472
            ],
            [
              135.7649814,
              34.9954809
            ],
            [
              135.764909,
              34.9955276
            ],
            [
              135.7649385,
              34.995617
            ],
            [
              135.7649651,
              34.9956994
            ],
            [
              135.7648643,
              34.9957018
            ],
            [
              135.7648656,
              34.9957268
            ],
            [
              135.7648203,
              34.9957848
            ],
            [
              135.7647853,
              34.9957849
            ],
            [
              135.7647521,
              34.9957173
            ]
          ]
        ]
      },
      "id": "way/99365995"
    },
    {
      "type": "Feature",
      "properties": {
        "@id": "way/159312682",
        "area": "yes",
        "highway": "pedestrian",
        "source": "Bing"
      },
      "geometry": {
        "type": "Polygon",
        "coordinates": [
          [
            [
              135.7536609,
              34.9965035
            ],
            [
              135.7527773,
              34.9964986
            ],
            [
              135.7527778,
              34.9964842
            ],
            [
              135.7527894,
              34.9964526
            ],
            [
              135.7528108,
              34.9964409
            ],
            [
              135.7528312,
              34.9964387
            ],
            [
              135.753596,
              34.9964488
            ],
            [
              135.753618,
              34.9964511
            ],
            [
              135.7536323,
              34.9964525
            ],
            [
              135.7536481,
              34.9964662
            ],
            [
              135.7536598,
              34.9964822
            ],
            [
              135.7536604,
              34.9964946
            ],
            [
              135.7536609,
              34.9965035
            ]
          ]
        ]
      },
      "id": "way/159312682"
    },
    {
      "type": "Feature",
      "properties": {
        "@id": "way/159312683",
        "area": "yes",
        "highway": "pedestrian",
        "source": "Bing"
      },
      "geometry": {
        "type": "Polygon",
        "coordinates": [
          [
            [
              135.7507219,
              34.9960964
            ],
            [
              135.7514818,
              34.9960719
            ],
            [
              135.7514752,
              34.9960989
            ],
            [
              135.7514601,
              34.99612
            ],
            [
              135.7514356,
              34.9961304
            ],
            [
              135.7513983,
              34.9961376
            ],
            [
              135.7508223,
              34.9961459
            ],
            [
              135.7507967,
              34.9961462
            ],
            [
              135.7507632,
              34.9961467
            ],
            [
              135.7507368,
              34.9961426
            ],
            [
              135.7507293,
              34.9961285
            ],
            [
              135.7507214,
              34.9961181
            ],
            [
              135.7507211,
              34.9961057
            ],
            [
              135.7507219,
              34.9960964
            ]
          ]
        ]
      },
      "id": "way/159312683"
    },
    {
      "type": "Feature",
      "properties": {
        "@id": "way/159312684",
        "area": "yes",
        "highway": "pedestrian",
        "source": "Bing"
      },
      "geometry": {
        "type": "Polygon",
        "coordinates": [
          [
            [
              135.7531835,
              34.9932138
            ],
            [
              135.7531733,
              34.9932085
            ],
            [
              135.7531532,
              34.9931979
            ],
            [
              135.7531361,
              34.9931736
            ],
            [
              135.7531276,
              34.9931545
            ],
            [
              135.7531393,
              34.9927754
            ],
            [
              135.7531408,
              34.9927265
            ],
            [
              135.7531563,
              34.9927016
            ],
            [
              135.753182,
              34.9926825
            ],
            [
              135.7531988,
              34.992677
            ],
            [
              135.7532092,
              34.9926736
            ],
            [
              135.7532325,
              34.9926742
            ],
            [
              135.7532171,
              34.9931917
            ],
            [
              135.753217,
              34.9932077
            ],
            [
              135.753217,
              34.9932177
            ],
            [
              135.7531835,
              34.9932138
            ]
          ]
        ]
      },
      "id": "way/159312684"
    },
    {
      "type": "Feature",
      "properties": {
        "@id": "way/159312689",
        "area": "yes",
        "highway": "pedestrian",
        "source": "Bing",
        "surface": "paving_stones"
      },
      "geometry": {
        "type": "Polygon",
        "coordinates": [
          [
            [
              135.752416,
              34.9988118
            ],
            [
              135.7523962,
              34.9988077
            ],
            [
              135.7523857,
              34.9988055
            ],
            [
              135.752365,
              34.9987894
            ],
            [
              135.7523569,
              34.9987832
            ],
            [
              135.752346,
              34.9987609
            ],
            [
              135.7523476,
              34.9987367
            ],
            [
              135.7523572,
              34.9986888
            ],
            [
              135.7524577,
              34.9981873
            ],
            [
              135.7524686,
              34.9976974
            ],
            [
              135.7524899,
              34.9976625
            ],
            [
              135.7525043,
              34.9976483
            ],
            [
              135.7525238,
              34.9976407
            ],
            [
              135.7525572,
              34.9976324
            ],
            [
              135.752555,
              34.998176
            ],
            [
              135.7525006,
              34.9984652
            ],
            [
              135.752416,
              34.9988118
            ]
          ]
        ]
      },
      "id": "way/159312689"
    },
    {
      "type": "Feature",
      "properties": {
        "@id": "way/159312691",
        "area": "yes",
        "highway": "pedestrian",
        "source": "Bing"
      },
      "geometry": {
        "type": "Polygon",
        "coordinates": [
          [
            [
              135.7532758,
              34.9887627
            ],
            [
              135.7532644,
              34.9890641
            ],
            [
              135.7533249,
              34.9891121
            ],
            [
              135.7533677,
              34.9891461
            ],
            [
              135.7535063,
              34.9891475
            ],
            [
              135.7537771,
              34.9891501
            ],
            [
              135.7537771,
              34.9891648
            ],
            [
              135.7537633,
              34.9891761
            ],
            [
              135.7533466,
              34.9891681
            ],
            [
              135.7532847,
              34.9891501
            ],
            [
              135.7532334,
              34.9891047
            ],
            [
              135.7532115,
              34.9890787
            ],
            [
              135.7532025,
              34.9890541
            ],
            [
              135.753209,
              34.9887994
            ],
            [
              135.7532188,
              34.9887794
            ],
            [
              135.7532383,
              34.9887647
            ],
            [
              135.7532525,
              34.9887639
            ],
            [
              135.7532758,
              34.9887627
            ]
          ]
        ]
      },
      "id": "way/159312691"
    },
    {
      "type": "Feature",
      "properties": {
        "@id": "way/159312696",
        "area": "yes",
        "highway": "pedestrian",
        "source": "Bing"
      },
      "geometry": {
        "type": "Polygon",
        "coordinates": [
          [
            [
              135.7533033,
              34.9893043
            ],
            [
              135.7532805,
              34.9903203
            ],
            [
              135.7532471,
              34.990317
            ],
            [
              135.7532211,
              34.9902963
            ],
            [
              135.7532023,
              34.990269
            ],
            [
              135.7531983,
              34.9902517
            ],
            [
              135.7532061,
              34.9900164
            ],
            [
              135.7532183,
              34.9898404
            ],
            [
              135.7532272,
              34.9895277
            ],
            [
              135.7532304,
              34.9894476
            ],
            [
              135.7532354,
              34.9893216
            ],
            [
              135.7532557,
              34.9892996
            ],
            [
              135.7532793,
              34.9892876
            ],
            [
              135.753578,
              34.9892887
            ],
            [
              135.7537342,
              34.9892892
            ],
            [
              135.7537437,
              34.9892894
            ],
            [
              135.7537529,
              34.9892915
            ],
            [
              135.7537635,
              34.9892967
            ],
            [
              135.7537722,
              34.9893057
            ],
            [
              135.7533033,
              34.9893043
            ]
          ]
        ]
      },
      "id": "way/159312696"
    },
    {
      "type": "Feature",
      "properties": {
        "@id": "way/159312698",
        "area": "yes",
        "highway": "pedestrian",
        "source": "Bing"
      },
      "geometry": {
        "type": "Polygon",
        "coordinates": [
          [
            [
              135.7531722,
              34.9932851
            ],
            [
              135.7530897,
              34.9932792
            ],
            [
              135.7530264,
              34.9933184
            ],
            [
              135.7528115,
              34.9933157
            ],
            [
              135.7527944,
              34.9941201
            ],
            [
              135.7527719,
              34.9941156
            ],
            [
              135.7527602,
              34.9941086
            ],
            [
              135.7527455,
              34.9940998
            ],
            [
              135.7527323,
              34.9940845
            ],
            [
              135.7527279,
              34.9940701
            ],
            [
              135.7527424,
              34.9933734
            ],
            [
              135.7527611,
              34.9933135
            ],
            [
              135.7527883,
              34.9932753
            ],
            [
              135.7528295,
              34.993253
            ],
            [
              135.7528777,
              34.9932371
            ],
            [
              135.7529593,
              34.9932364
            ],
            [
              135.7531327,
              34.9932498
            ],
            [
              135.7531436,
              34.993254
            ],
            [
              135.7531607,
              34.9932607
            ],
            [
              135.7531655,
              34.993271
            ],
            [
              135.7531722,
              34.9932851
            ]
          ]
        ]
      },
      "id": "way/159312698"
    },
    {
      "type": "Feature",
      "properties": {
        "@id": "way/159312700",
        "area": "yes",
        "highway": "pedestrian",
        "source": "Bing"
      },
      "geometry": {
        "type": "Polygon",
        "coordinates": [
          [
            [
              135.7536751,
              34.9960555
            ],
            [
              135.7536729,
              34.9960693
            ],
            [
              135.753672,
              34.9960753
            ],
            [
              135.75366,
              34.9960876
            ],
            [
              135.7536533,
              34.9960944
            ],
            [
              135.7536315,
              34.9961026
            ],
            [
              135.753618,
              34.9961024
            ],
            [
              135.7535919,
              34.996102
            ],
            [
              135.7533252,
              34.9960893
            ],
            [
              135.7530196,
              34.9960874
            ],
            [
              135.752885,
              34.9960925
            ],
            [
              135.7528447,
              34.9960866
            ],
            [
              135.7527941,
              34.9960637
            ],
            [
              135.7527655,
              34.9960416
            ],
            [
              135.7527435,
              34.9960182
            ],
            [
              135.7527254,
              34.9959704
            ],
            [
              135.7527185,
              34.9953309
            ],
            [
              135.7527317,
              34.9953041
            ],
            [
              135.7527535,
              34.9952933
            ],
            [
              135.7527636,
              34.9952914
            ],
            [
              135.7527916,
              34.9952863
            ],
            [
              135.7527883,
              34.9954943
            ],
            [
              135.7527867,
              34.9955997
            ],
            [
              135.7527815,
              34.9959316
            ],
            [
              135.7529268,
              34.9960514
            ],
            [
              135.7536751,
              34.9960555
            ]
          ]
        ]
      },
      "id": "way/159312700"
    },
    {
      "type": "Feature",
      "properties": {
        "@id": "way/159312709",
        "area": "yes",
        "highway": "pedestrian",
        "source": "Bing"
      },
      "geometry": {
        "type": "Polygon",
        "coordinates": [
          [
            [
              135.7525258,
              34.9976001
            ],
            [
              135.7525117,
              34.997594
            ],
            [
              135.7524994,
              34.9975887
            ],
            [
              135.7524929,
              34.997581
            ],
            [
              135.7524858,
              34.9975727
            ],
            [
              135.752476,
              34.9975578
            ],
            [
              135.7524738,
              34.9974153
            ],
            [
              135.7524956,
              34.9972784
            ],
            [
              135.7525166,
              34.9971204
            ],
            [
              135.7525181,
              34.9969586
            ],
            [
              135.7525228,
              34.9966025
            ],
            [
              135.7525329,
              34.9965707
            ],
            [
              135.7525632,
              34.9965261
            ],
            [
              135.7526068,
              34.9964936
            ],
            [
              135.7526606,
              34.9964656
            ],
            [
              135.7526976,
              34.9964583
            ],
            [
              135.7527073,
              34.9964593
            ],
            [
              135.752726,
              34.9964956
            ],
            [
              135.7527283,
              34.9965325
            ],
            [
              135.7525637,
              34.9966785
            ],
            [
              135.7525609,
              34.9976036
            ],
            [
              135.7525417,
              34.9976036
            ],
            [
              135.7525258,
              34.9976001
            ]
          ]
        ]
      },
      "id": "way/159312709"
    },
    {
      "type": "Feature",
      "properties": {
        "@id": "way/159312710",
        "area": "yes",
        "highway": "pedestrian",
        "source": "Bing"
      },
      "geometry": {
        "type": "Polygon",
        "coordinates": [
          [
            [
              135.7514722,
              34.9965205
            ],
            [
              135.751478,
              34.9964951
            ],
            [
              135.7514838,
              34.9964903
            ],
            [
              135.7514922,
              34.9964818
            ],
            [
              135.751506,
              34.9964766
            ],
            [
              135.751514,
              34.9964735
            ],
            [
              135.751795,
              34.9964617
            ],
            [
              135.7519171,
              34.996463
            ],
            [
              135.751977,
              34.9964904
            ],
            [
              135.7520034,
              34.9965037
            ],
            [
              135.7520509,
              34.9965725
            ],
            [
              135.752075,
              34.9966203
            ],
            [
              135.7520851,
              34.99667
            ],
            [
              135.7520994,
              34.9978773
            ],
            [
              135.7520978,
              34.9979117
            ],
            [
              135.7520574,
              34.9979508
            ],
            [
              135.752031,
              34.9979595
            ],
            [
              135.7519167,
              34.9979608
            ],
            [
              135.7519171,
              34.9979412
            ],
            [
              135.7520042,
              34.9979412
            ],
            [
              135.7520123,
              34.9979168
            ],
            [
              135.7520205,
              34.9969668
            ],
            [
              135.7520201,
              34.9968526
            ],
            [
              135.752022,
              34.9966426
            ],
            [
              135.7518867,
              34.9965114
            ],
            [
              135.7517229,
              34.9965167
            ],
            [
              135.7514722,
              34.9965205
            ]
          ]
        ]
      },
      "id": "way/159312710"
    },
    {
      "type": "Feature",
      "properties": {
        "@id": "way/159312711",
        "area": "yes",
        "highway": "pedestrian",
        "source": "Bing",
        "surface": "paving_stones"
      },
      "geometry": {
        "type": "Polygon",
        "coordinates": [
          [
            [
              135.7522327,
              34.9868869
            ],
            [
              135.7522317,
              34.9868712
            ],
            [
              135.752663,
              34.9868645
            ],
            [
              135.7526915,
              34.9868739
            ],
            [
              135.7528591,
              34.9868722
            ],
            [
              135.752911,
              34.9868942
            ],
            [
              135.7529446,
              34.9869105
            ],
            [
              135.7529751,
              34.9869325
            ],
            [
              135.7529857,
              34.9869602
            ],
            [
              135.7529839,
              34.9872435
            ],
            [
              135.7529609,
              34.9873345
            ],
            [
              135.7529551,
              34.9875066
            ],
            [
              135.7529655,
              34.987525
            ],
            [
              135.7529701,
              34.9876212
            ],
            [
              135.7529822,
              34.9876306
            ],
            [
              135.7529725,
              34.9878611
            ],
            [
              135.7529587,
              34.9878781
            ],
            [
              135.7529454,
              34.9878875
            ],
            [
              135.7529301,
              34.9878919
            ],
            [
              135.7529207,
              34.9878946
            ],
            [
              135.752904,
              34.9878946
            ],
            [
              135.7529064,
              34.9875991
            ],
            [
              135.7529128,
              34.9869404
            ],
            [
              135.7528461,
              34.9868819
            ],
            [
              135.7522327,
              34.9868869
            ]
          ]
        ]
      },
      "id": "way/159312711"
    },
    {
      "type": "Feature",
      "properties": {
        "@id": "way/159312713",
        "area": "yes",
        "highway": "pedestrian",
        "source": "Bing",
        "surface": "paving_stones"
      },
      "geometry": {
        "type": "Polygon",
        "coordinates": [
          [
            [
              135.750862,
              34.9892736
            ],
            [
              135.750873,
              34.9892661
            ],
            [
              135.7508885,
              34.9892561
            ],
            [
              135.7508978,
              34.9892534
            ],
            [
              135.7509658,
              34.9892546
            ],
            [
              135.7520142,
              34.9892713
            ],
            [
              135.75223,
              34.9892977
            ],
            [
              135.7523926,
              34.9892964
            ],
            [
              135.7528126,
              34.9893098
            ],
            [
              135.7528462,
              34.9893225
            ],
            [
              135.75291,
              34.9893631
            ],
            [
              135.7529377,
              34.9894116
            ],
            [
              135.7529484,
              34.9894434
            ],
            [
              135.7529521,
              34.9894545
            ],
            [
              135.7529561,
              34.9895154
            ],
            [
              135.7529227,
              34.9895861
            ],
            [
              135.7529158,
              34.9897332
            ],
            [
              135.7529492,
              34.9898275
            ],
            [
              135.7529216,
              34.9913686
            ],
            [
              135.752917,
              34.9914223
            ],
            [
              135.752904,
              34.9915726
            ],
            [
              135.7528963,
              34.9916626
            ],
            [
              135.752867,
              34.991698
            ],
            [
              135.752863,
              34.9918326
            ],
            [
              135.7528662,
              34.991884
            ],
            [
              135.7528719,
              34.991952
            ],
            [
              135.7528866,
              34.9921153
            ],
            [
              135.7528696,
              34.9927375
            ],
            [
              135.7528622,
              34.9927634
            ],
            [
              135.75285,
              34.9928064
            ],
            [
              135.7528299,
              34.9928379
            ],
            [
              135.752804,
              34.9928686
            ],
            [
              135.7527802,
              34.9928866
            ],
            [
              135.7527648,
              34.9928953
            ],
            [
              135.7527412,
              34.9928913
            ],
            [
              135.7526175,
              34.9928897
            ],
            [
              135.7525865,
              34.9928893
            ],
            [
              135.7526908,
              34.9928437
            ],
            [
              135.7527697,
              34.9928551
            ],
            [
              135.7527998,
              34.9928084
            ],
            [
              135.7528136,
              34.9927637
            ],
            [
              135.7528155,
              34.9926637
            ],
            [
              135.7528272,
              34.9920286
            ],
            [
              135.752825,
              34.9917543
            ],
            [
              135.7528307,
              34.9915029
            ],
            [
              135.7528544,
              34.990451
            ],
            [
              135.7528555,
              34.9904119
            ],
            [
              135.7528607,
              34.99017
            ],
            [
              135.7528686,
              34.9898218
            ],
            [
              135.7528699,
              34.9897631
            ],
            [
              135.7528742,
              34.9893967
            ],
            [
              135.7528043,
              34.9893746
            ],
            [
              135.7528032,
              34.989352
            ],
            [
              135.752783,
              34.9893317
            ],
            [
              135.7521863,
              34.9893227
            ],
            [
              135.7520806,
              34.9893211
            ],
            [
              135.7520794,
              34.9892942
            ],
            [
              135.7520365,
              34.9892949
            ],
            [
              135.7520366,
              34.9892894
            ],
            [
              135.750862,
              34.9892736
            ]
          ]
        ]
      },
      "id": "way/159312713"
    },
    {
      "type": "Feature",
      "properties": {
        "@id": "way/159312714",
        "area": "yes",
        "highway": "pedestrian",
        "source": "Bing",
        "surface": "paving_stones"
      },
      "geometry": {
        "type": "Polygon",
        "coordinates": [
          [
            [
              135.7524951,
              34.9929562
            ],
            [
              135.7525129,
              34.9929669
            ],
            [
              135.7525321,
              34.99298
            ],
            [
              135.7524711,
              34.9930216
            ],
            [
              135.7523976,
              34.9930904
            ],
            [
              135.7524606,
              34.993093
            ],
            [
              135.7525124,
              34.9930968
            ],
            [
              135.7524689,
              34.9931525
            ],
            [
              135.7524176,
              34.9931416
            ],
            [
              135.7523642,
              34.9931366
            ],
            [
              135.7523555,
              34.9931641
            ],
            [
              135.7524069,
              34.9931776
            ],
            [
              135.7524461,
              34.993196
            ],
            [
              135.7524269,
              34.9932417
            ],
            [
              135.7523187,
              34.9932039
            ],
            [
              135.7523026,
              34.9933253
            ],
            [
              135.752316,
              34.9933726
            ],
            [
              135.7523488,
              34.9934096
            ],
            [
              135.7523911,
              34.9934682
            ],
            [
              135.7523864,
              34.9937079
            ],
            [
              135.7523557,
              34.994409
            ],
            [
              135.7523359,
              34.9948623
            ],
            [
              135.7522884,
              34.9949509
            ],
            [
              135.7522799,
              34.9950987
            ],
            [
              135.7523133,
              34.9951815
            ],
            [
              135.7523111,
              34.9952179
            ],
            [
              135.7522635,
              34.9959892
            ],
            [
              135.752248,
              34.9960478
            ],
            [
              135.7522192,
              34.9960714
            ],
            [
              135.7521764,
              34.9960962
            ],
            [
              135.7521306,
              34.9961108
            ],
            [
              135.7517945,
              34.9961257
            ],
            [
              135.7517642,
              34.9961115
            ],
            [
              135.7517538,
              34.9961023
            ],
            [
              135.7517455,
              34.9960834
            ],
            [
              135.7517422,
              34.9960667
            ],
            [
              135.7520463,
              34.9960567
            ],
            [
              135.7521327,
              34.9959822
            ],
            [
              135.7521319,
              34.9959045
            ],
            [
              135.7521086,
              34.9955834
            ],
            [
              135.7521202,
              34.9955841
            ],
            [
              135.7521296,
              34.9953904
            ],
            [
              135.75225,
              34.9953221
            ],
            [
              135.7522537,
              34.9952304
            ],
            [
              135.752255,
              34.9951365
            ],
            [
              135.7522282,
              34.9950793
            ],
            [
              135.7521922,
              34.9949229
            ],
            [
              135.7522493,
              34.9949097
            ],
            [
              135.7522483,
              34.9948684
            ],
            [
              135.7522208,
              34.9948654
            ],
            [
              135.7522185,
              34.9947312
            ],
            [
              135.7522242,
              34.9946561
            ],
            [
              135.7522906,
              34.9946555
            ],
            [
              135.7523046,
              34.9944509
            ],
            [
              135.7523109,
              34.9944084
            ],
            [
              135.7523152,
              34.9943532
            ],
            [
              135.752316,
              34.994343
            ],
            [
              135.7523191,
              34.9942262
            ],
            [
              135.7523264,
              34.9940428
            ],
            [
              135.7523301,
              34.9939801
            ],
            [
              135.7523315,
              34.993878
            ],
            [
              135.7523341,
              34.9937659
            ],
            [
              135.7523352,
              34.9937168
            ],
            [
              135.7523361,
              34.9936799
            ],
            [
              135.752335,
              34.9936464
            ],
            [
              135.7523301,
              34.9935889
            ],
            [
              135.7523153,
              34.9934884
            ],
            [
              135.7523033,
              34.993455
            ],
            [
              135.7522658,
              34.9934204
            ],
            [
              135.7522537,
              34.9933771
            ],
            [
              135.7522452,
              34.9933463
            ],
            [
              135.7522518,
              34.993298
            ],
            [
              135.7522538,
              34.9932835
            ],
            [
              135.7522742,
              34.9932142
            ],
            [
              135.7522898,
              34.9931575
            ],
            [
              135.7523302,
              34.9931065
            ],
            [
              135.7523877,
              34.9930365
            ],
            [
              135.7524321,
              34.9929951
            ],
            [
              135.7524951,
              34.9929562
            ]
          ]
        ]
      },
      "id": "way/159312714"
    },
    {
      "type": "Feature",
      "properties": {
        "@id": "way/159312715",
        "area": "yes",
        "highway": "pedestrian",
        "smoothness": "excellent",
        "source": "Bing",
        "surface": "paving_stones"
      },
      "geometry": {
        "type": "Polygon",
        "coordinates": [
          [
            [
              135.7529245,
              34.9887042
            ],
            [
              135.7528972,
              34.9887043
            ],
            [
              135.7528862,
              34.9887042
            ],
            [
              135.7528865,
              34.9886816
            ],
            [
              135.7528954,
              34.9886816
            ],
            [
              135.7528958,
              34.9879572
            ],
            [
              135.752926,
              34.9879581
            ],
            [
              135.7529356,
              34.9879615
            ],
            [
              135.7529439,
              34.9879652
            ],
            [
              135.7529517,
              34.9879715
            ],
            [
              135.7529573,
              34.987978
            ],
            [
              135.7529631,
              34.9879853
            ],
            [
              135.7529685,
              34.9879961
            ],
            [
              135.7529553,
              34.9886795
            ],
            [
              135.7529497,
              34.9886872
            ],
            [
              135.7529425,
              34.988694
            ],
            [
              135.752934,
              34.9886997
            ],
            [
              135.7529245,
              34.9887042
            ]
          ]
        ]
      },
      "id": "way/159312715"
    },
    {
      "type": "Feature",
      "properties": {
        "@id": "way/159312716",
        "area": "yes",
        "highway": "pedestrian",
        "source": "Bing"
      },
      "geometry": {
        "type": "Polygon",
        "coordinates": [
          [
            [
              135.7532797,
              34.9887319
            ],
            [
              135.7532522,
              34.9887288
            ],
            [
              135.7532464,
              34.9887281
            ],
            [
              135.7532314,
              34.9887187
            ],
            [
              135.7532164,
              34.9886933
            ],
            [
              135.7532187,
              34.9879851
            ],
            [
              135.7532372,
              34.9879728
            ],
            [
              135.7532613,
              34.9879596
            ],
            [
              135.7532718,
              34.9879577
            ],
            [
              135.7532924,
              34.987954
            ],
            [
              135.7532797,
              34.9887319
            ]
          ]
        ]
      },
      "id": "way/159312716"
    },
    {
      "type": "Feature",
      "properties": {
        "@id": "way/159312718",
        "area": "yes",
        "highway": "pedestrian",
        "source": "Bing"
      },
      "geometry": {
        "type": "Polygon",
        "coordinates": [
          [
            [
              135.7517077,
              34.9960718
            ],
            [
              135.751707,
              34.9960992
            ],
            [
              135.7516966,
              34.9961134
            ],
            [
              135.7516549,
              34.9961272
            ],
            [
              135.7515592,
              34.9961266
            ],
            [
              135.7515447,
              34.9961176
            ],
            [
              135.7515367,
              34.9961126
            ],
            [
              135.7515258,
              34.9960897
            ],
            [
              135.7515227,
              34.996075
            ],
            [
              135.7517077,
              34.9960718
            ]
          ]
        ]
      },
      "id": "way/159312718"
    },
    {
      "type": "Feature",
      "properties": {
        "@id": "way/159312719",
        "area": "yes",
        "highway": "pedestrian",
        "lit": "yes",
        "source": "Bing",
        "surface": "paving_stones"
      },
      "geometry": {
        "type": "Polygon",
        "coordinates": [
          [
            [
              135.7532267,
              34.9926438
            ],
            [
              135.7531968,
              34.99264
            ],
            [
              135.7531686,
              34.9926193
            ],
            [
              135.7531519,
              34.9925962
            ],
            [
              135.7531674,
              34.9915754
            ],
            [
              135.7531678,
              34.9915469
            ],
            [
              135.7531779,
              34.991537
            ],
            [
              135.7532027,
              34.9915285
            ],
            [
              135.7532326,
              34.9915217
            ],
            [
              135.7532484,
              34.9915219
            ],
            [
              135.7532267,
              34.9926438
            ]
          ]
        ]
      },
      "id": "way/159312719"
    },
    {
      "type": "Feature",
      "properties": {
        "@id": "way/159312720",
        "area": "yes",
        "highway": "pedestrian",
        "lit": "yes",
        "source": "Bing",
        "surface": "paving_stones"
      },
      "geometry": {
        "type": "Polygon",
        "coordinates": [
          [
            [
              135.753275,
              34.9903541
            ],
            [
              135.7532516,
              34.9914749
            ],
            [
              135.753234,
              34.9914737
            ],
            [
              135.7531938,
              34.9914709
            ],
            [
              135.7531812,
              34.9914652
            ],
            [
              135.753169,
              34.9914542
            ],
            [
              135.7531649,
              34.9914389
            ],
            [
              135.7531653,
              34.9914262
            ],
            [
              135.7531969,
              34.9904181
            ],
            [
              135.7532002,
              34.9904008
            ],
            [
              135.7532254,
              34.9903761
            ],
            [
              135.7532511,
              34.9903647
            ],
            [
              135.753275,
              34.9903541
            ]
          ]
        ]
      },
      "id": "way/159312720"
    },
    {
      "type": "Feature",
      "properties": {
        "@id": "way/159312721",
        "area": "yes",
        "highway": "pedestrian",
        "source": "Bing",
        "surface": "paving_stones"
      },
      "geometry": {
        "type": "Polygon",
        "coordinates": [
          [
            [
              135.7527853,
              34.9952507
            ],
            [
              135.7527616,
              34.9952437
            ],
            [
              135.7527534,
              34.9952412
            ],
            [
              135.7527316,
              34.9952252
            ],
            [
              135.7527285,
              34.9952207
            ],
            [
              135.7527208,
              34.9952093
            ],
            [
              135.7527227,
              34.9942012
            ],
            [
              135.752732,
              34.9941802
            ],
            [
              135.7527476,
              34.9941617
            ],
            [
              135.7527615,
              34.9941578
            ],
            [
              135.7527748,
              34.9941541
            ],
            [
              135.7527841,
              34.9941554
            ],
            [
              135.7527853,
              34.9952507
            ]
          ]
        ]
      },
      "id": "way/159312721"
    },
    {
      "type": "Feature",
      "properties": {
        "@id": "way/159312722",
        "area": "yes",
        "highway": "pedestrian",
        "source": "Bing",
        "surface": "paving_stones"
      },
      "geometry": {
        "type": "Polygon",
        "coordinates": [
          [
            [
              135.7508366,
              34.9891075
            ],
            [
              135.7514318,
              34.9891199
            ],
            [
              135.7520802,
              34.98913
            ],
            [
              135.7520768,
              34.9891376
            ],
            [
              135.7520714,
              34.9891459
            ],
            [
              135.7520599,
              34.9891531
            ],
            [
              135.7520454,
              34.9891579
            ],
            [
              135.7508647,
              34.9891359
            ],
            [
              135.750846,
              34.9891319
            ],
            [
              135.750837,
              34.9891212
            ],
            [
              135.7508366,
              34.9891075
            ]
          ]
        ]
      },
      "id": "way/159312722"
    },
    {
      "type": "Feature",
      "properties": {
        "@id": "way/160731964",
        "area": "yes",
        "highway": "pedestrian",
        "source": "Bing",
        "surface": "paving_stones"
      },
      "geometry": {
        "type": "Polygon",
        "coordinates": [
          [
            [
              135.7408841,
              35.0093341
            ],
            [
              135.7408679,
              35.0093336
            ],
            [
              135.7408532,
              35.0093237
            ],
            [
              135.7408456,
              35.0093099
            ],
            [
              135.7408564,
              35.0086057
            ],
            [
              135.7408603,
              35.0085977
            ],
            [
              135.74087,
              35.0085774
            ],
            [
              135.7408959,
              35.0085545
            ],
            [
              135.7409339,
              35.0085439
            ],
            [
              135.7409737,
              35.0085421
            ],
            [
              135.7415342,
              35.0085673
            ],
            [
              135.7415478,
              35.0085738
            ],
            [
              135.7415572,
              35.0085844
            ],
            [
              135.7415644,
              35.0085926
            ],
            [
              135.7415644,
              35.0085997
            ],
            [
              135.7409878,
              35.0085803
            ],
            [
              135.7408981,
              35.0086508
            ],
            [
              135.7408841,
              35.0093341
            ]
          ]
        ]
      },
      "id": "way/160731964"
    },
    {
      "type": "Feature",
      "properties": {
        "@id": "way/160732017",
        "area": "yes",
        "highway": "pedestrian",
        "source": "Bing",
        "surface": "paving_stones"
      },
      "geometry": {
        "type": "Polygon",
        "coordinates": [
          [
            [
              135.7425374,
              35.0097335
            ],
            [
              135.7425331,
              35.0097337
            ],
            [
              135.7425186,
              35.0097337
            ],
            [
              135.7425134,
              35.0091739
            ],
            [
              135.7424911,
              35.0091376
            ],
            [
              135.742482,
              35.0087525
            ],
            [
              135.7423673,
              35.0086447
            ],
            [
              135.7418244,
              35.0086205
            ],
            [
              135.7416319,
              35.0086119
            ],
            [
              135.7416323,
              35.0086021
            ],
            [
              135.7416336,
              35.0085978
            ],
            [
              135.7416357,
              35.0085937
            ],
            [
              135.7416386,
              35.0085899
            ],
            [
              135.7416435,
              35.0085855
            ],
            [
              135.7416496,
              35.0085821
            ],
            [
              135.7416564,
              35.0085798
            ],
            [
              135.7416636,
              35.0085788
            ],
            [
              135.741671,
              35.008579
            ],
            [
              135.7418237,
              35.0085866
            ],
            [
              135.7424721,
              35.0086189
            ],
            [
              135.7424923,
              35.0086226
            ],
            [
              135.7425069,
              35.0086282
            ],
            [
              135.7425206,
              35.0086351
            ],
            [
              135.7425332,
              35.0086433
            ],
            [
              135.7425446,
              35.0086526
            ],
            [
              135.7425546,
              35.008663
            ],
            [
              135.7425631,
              35.0086742
            ],
            [
              135.74257,
              35.0086861
            ],
            [
              135.7425751,
              35.0086986
            ],
            [
              135.7425785,
              35.0087115
            ],
            [
              135.74258,
              35.008724
            ],
            [
              135.7425764,
              35.0088632
            ],
            [
              135.7425485,
              35.0089584
            ],
            [
              135.7425479,
              35.009096
            ],
            [
              135.7425759,
              35.0091694
            ],
            [
              135.7425679,
              35.0097061
            ],
            [
              135.7425673,
              35.009712
            ],
            [
              135.7425652,
              35.0097175
            ],
            [
              135.7425617,
              35.0097226
            ],
            [
              135.7425569,
              35.0097269
            ],
            [
              135.7425511,
              35.0097303
            ],
            [
              135.7425445,
              35.0097325
            ],
            [
              135.7425374,
              35.0097335
            ]
          ]
        ]
      },
      "id": "way/160732017"
    },
    {
      "type": "Feature",
      "properties": {
        "@id": "way/160732039",
        "area": "yes",
        "bridge": "yes",
        "highway": "pedestrian"
      },
      "geometry": {
        "type": "Polygon",
        "coordinates": [
          [
            [
              135.7559164,
              34.9860333
            ],
            [
              135.7559233,
              34.985718
            ],
            [
              135.7559938,
              34.985719
            ],
            [
              135.7559869,
              34.9860343
            ],
            [
              135.7559498,
              34.9860338
            ],
            [
              135.7559164,
              34.9860333
            ]
          ]
        ]
      },
      "id": "way/160732039"
    },
    {
      "type": "Feature",
      "properties": {
        "@id": "way/160732082",
        "area": "yes",
        "highway": "pedestrian",
        "source": "Bing",
        "surface": "paving_stones"
      },
      "geometry": {
        "type": "Polygon",
        "coordinates": [
          [
            [
              135.7408766,
              35.0097171
            ],
            [
              135.7408556,
              35.009716
            ],
            [
              135.7408416,
              35.0097098
            ],
            [
              135.7408287,
              35.0096961
            ],
            [
              135.7408287,
              35.0096794
            ],
            [
              135.7408407,
              35.0094102
            ],
            [
              135.7408587,
              35.0093938
            ],
            [
              135.7408656,
              35.009391
            ],
            [
              135.7408831,
              35.009384
            ],
            [
              135.7408797,
              35.0095605
            ],
            [
              135.7408766,
              35.0097171
            ]
          ]
        ]
      },
      "id": "way/160732082"
    },
    {
      "type": "Feature",
      "properties": {
        "@id": "way/162566117",
        "area": "yes",
        "highway": "pedestrian",
        "source": "Bing"
      },
      "geometry": {
        "type": "Polygon",
        "coordinates": [
          [
            [
              135.7492282,
              35.003511
            ],
            [
              135.7492108,
              35.0035103
            ],
            [
              135.7491952,
              35.0035081
            ],
            [
              135.7491757,
              35.0035042
            ],
            [
              135.7491586,
              35.0034986
            ],
            [
              135.7491424,
              35.0034914
            ],
            [
              135.7491272,
              35.0034828
            ],
            [
              135.7491134,
              35.0034729
            ],
            [
              135.749101,
              35.0034617
            ],
            [
              135.7490902,
              35.0034495
            ],
            [
              135.7490812,
              35.0034363
            ],
            [
              135.7490741,
              35.0034219
            ],
            [
              135.7490741,
              35.0032232
            ],
            [
              135.7490914,
              35.0032025
            ],
            [
              135.7491144,
              35.0032058
            ],
            [
              135.7491766,
              35.0032146
            ],
            [
              135.7491858,
              35.0032196
            ],
            [
              135.7491937,
              35.0032259
            ],
            [
              135.7492002,
              35.0032332
            ],
            [
              135.7492051,
              35.0032413
            ],
            [
              135.7492083,
              35.00325
            ],
            [
              135.7492083,
              35.0033275
            ],
            [
              135.7491776,
              35.0033275
            ],
            [
              135.7491447,
              35.0033515
            ],
            [
              135.7492244,
              35.003427
            ],
            [
              135.7493068,
              35.0034656
            ],
            [
              135.749438,
              35.0034657
            ],
            [
              135.749438,
              35.0034266
            ],
            [
              135.7494935,
              35.0034266
            ],
            [
              135.7494935,
              35.0034392
            ],
            [
              135.7495862,
              35.0034392
            ],
            [
              135.7495929,
              35.0034407
            ],
            [
              135.7495992,
              35.003443
            ],
            [
              135.7496052,
              35.0034459
            ],
            [
              135.7496105,
              35.0034496
            ],
            [
              135.7496152,
              35.0034538
            ],
            [
              135.749619,
              35.0034585
            ],
            [
              135.7496221,
              35.0034636
            ],
            [
              135.7496242,
              35.0034691
            ],
            [
              135.7496243,
              35.0034895
            ],
            [
              135.7496243,
              35.003512
            ],
            [
              135.7492282,
              35.003511
            ]
          ]
        ]
      },
      "id": "way/162566117"
    },
    {
      "type": "Feature",
      "properties": {
        "@id": "way/186983974",
        "area": "yes",
        "highway": "pedestrian",
        "source": "Bing"
      },
      "geometry": {
        "type": "Polygon",
        "coordinates": [
          [
            [
              135.7676802,
              35.0110875
            ],
            [
              135.7685986,
              35.0111418
            ],
            [
              135.7685956,
              35.011169
            ],
            [
              135.7685902,
              35.0111958
            ],
            [
              135.7685825,
              35.0112223
            ],
            [
              135.7685725,
              35.0112483
            ],
            [
              135.7685602,
              35.0112736
            ],
            [
              135.7685457,
              35.0112981
            ],
            [
              135.7685291,
              35.0113217
            ],
            [
              135.7685104,
              35.0113442
            ],
            [
              135.7684898,
              35.0113656
            ],
            [
              135.7684674,
              35.0113857
            ],
            [
              135.7684433,
              35.0114045
            ],
            [
              135.7684175,
              35.0114217
            ],
            [
              135.7683903,
              35.0114374
            ],
            [
              135.7683619,
              35.0114515
            ],
            [
              135.7683322,
              35.0114638
            ],
            [
              135.7683015,
              35.0114743
            ],
            [
              135.76827,
              35.011483
            ],
            [
              135.7682378,
              35.0114899
            ],
            [
              135.7682051,
              35.0114947
            ],
            [
              135.7681721,
              35.0114977
            ],
            [
              135.7681388,
              35.0114987
            ],
            [
              135.7681056,
              35.0114977
            ],
            [
              135.7680725,
              35.0114948
            ],
            [
              135.7680398,
              35.0114899
            ],
            [
              135.7680076,
              35.0114831
            ],
            [
              135.7679761,
              35.0114744
            ],
            [
              135.7679454,
              35.0114638
            ],
            [
              135.7679158,
              35.0114515
            ],
            [
              135.7678873,
              35.0114375
            ],
            [
              135.7678601,
              35.0114218
            ],
            [
              135.7678344,
              35.0114045
            ],
            [
              135.7678102,
              35.0113858
            ],
            [
              135.7677878,
              35.0113657
            ],
            [
              135.7677672,
              35.0113443
            ],
            [
              135.7677486,
              35.0113217
            ],
            [
              135.7677319,
              35.0112982
            ],
            [
              135.7677174,
              35.0112736
            ],
            [
              135.7677051,
              35.0112483
            ],
            [
              135.7676951,
              35.0112224
            ],
            [
              135.7676874,
              35.0111959
            ],
            [
              135.767682,
              35.011169
            ],
            [
              135.767679,
              35.0111419
            ],
            [
              135.7676784,
              35.0111146
            ],
            [
              135.7676802,
              35.0110875
            ]
          ]
        ]
      },
      "id": "way/186983974"
    },
    {
      "type": "Feature",
      "properties": {
        "@id": "way/228963387",
        "area": "yes",
        "highway": "pedestrian",
        "source": "Bing",
        "surface": "paving_stones"
      },
      "geometry": {
        "type": "Polygon",
        "coordinates": [
          [
            [
              135.7306232,
              35.0184949
            ],
            [
              135.7306265,
              35.0184406
            ],
            [
              135.7306369,
              35.0182685
            ],
            [
              135.7306398,
              35.0182211
            ],
            [
              135.7307425,
              35.0182042
            ],
            [
              135.7308937,
              35.0181792
            ],
            [
              135.730906,
              35.0184911
            ],
            [
              135.730772,
              35.0184929
            ],
            [
              135.7306232,
              35.0184949
            ]
          ]
        ]
      },
      "id": "way/228963387"
    },
    {
      "type": "Feature",
      "properties": {
        "@id": "way/273471676",
        "area": "yes",
        "highway": "pedestrian",
        "source": "Bing"
      },
      "geometry": {
        "type": "Polygon",
        "coordinates": [
          [
            [
              135.7658832,
              34.9959464
            ],
            [
              135.7658716,
              34.9958625
            ],
            [
              135.7658968,
              34.9958621
            ],
            [
              135.7659204,
              34.9958616
            ],
            [
              135.7659316,
              34.9959407
            ],
            [
              135.7659087,
              34.9959434
            ],
            [
              135.7658832,
              34.9959464
            ]
          ]
        ]
      },
      "id": "way/273471676"
    },
    {
      "type": "Feature",
      "properties": {
        "@id": "way/273471677",
        "area": "yes",
        "highway": "pedestrian",
        "source": "Bing"
      },
      "geometry": {
        "type": "Polygon",
        "coordinates": [
          [
            [
              135.7665555,
              34.9959112
            ],
            [
              135.7665412,
              34.9958378
            ],
            [
              135.7665915,
              34.9958312
            ],
            [
              135.7666203,
              34.9958274
            ],
            [
              135.7666346,
              34.9959008
            ],
            [
              135.7666085,
              34.9959042
            ],
            [
              135.7665555,
              34.9959112
            ]
          ]
        ]
      },
      "id": "way/273471677"
    },
    {
      "type": "Feature",
      "properties": {
        "@id": "way/273471686",
        "area": "yes",
        "highway": "pedestrian",
        "source": "Bing"
      },
      "geometry": {
        "type": "Polygon",
        "coordinates": [
          [
            [
              135.764537,
              34.9960538
            ],
            [
              135.7645293,
              34.9959884
            ],
            [
              135.7645614,
              34.9959874
            ],
            [
              135.7645765,
              34.9959869
            ],
            [
              135.7645944,
              34.995992
            ],
            [
              135.7646108,
              34.996008
            ],
            [
              135.7646076,
              34.9960296
            ],
            [
              135.7645827,
              34.996043
            ],
            [
              135.7645671,
              34.9960467
            ],
            [
              135.764537,
              34.9960538
            ]
          ]
        ]
      },
      "id": "way/273471686"
    },
    {
      "type": "Feature",
      "properties": {
        "@id": "way/273471696",
        "area": "yes",
        "highway": "pedestrian",
        "source": "Bing"
      },
      "geometry": {
        "type": "Polygon",
        "coordinates": [
          [
            [
              135.764899,
              34.9960621
            ],
            [
              135.7648687,
              34.9960626
            ],
            [
              135.7648248,
              34.9960634
            ],
            [
              135.7648133,
              34.9960539
            ],
            [
              135.7648028,
              34.9960381
            ],
            [
              135.7648023,
              34.9960124
            ],
            [
              135.7648085,
              34.9959959
            ],
            [
              135.7648248,
              34.9959748
            ],
            [
              135.7648703,
              34.995971
            ],
            [
              135.764899,
              34.9960621
            ]
          ]
        ]
      },
      "id": "way/273471696"
    },
    {
      "type": "Feature",
      "properties": {
        "@id": "way/273608976",
        "area": "yes",
        "highway": "pedestrian",
        "source": "Bing",
        "surface": "asphalt"
      },
      "geometry": {
        "type": "Polygon",
        "coordinates": [
          [
            [
              135.7488979,
              34.996353
            ],
            [
              135.7488989,
              34.9962923
            ],
            [
              135.7489231,
              34.9962923
            ],
            [
              135.7489659,
              34.9962923
            ],
            [
              135.7489664,
              34.9963534
            ],
            [
              135.7489209,
              34.9963531
            ],
            [
              135.7488979,
              34.996353
            ]
          ]
        ]
      },
      "id": "way/273608976"
    },
    {
      "type": "Feature",
      "properties": {
        "@id": "way/273608977",
        "area": "yes",
        "highway": "pedestrian",
        "source": "Bing"
      },
      "geometry": {
        "type": "Polygon",
        "coordinates": [
          [
            [
              135.7493858,
              34.996384
            ],
            [
              135.7493864,
              34.9963281
            ],
            [
              135.7494257,
              34.9963251
            ],
            [
              135.7494544,
              34.9963243
            ],
            [
              135.7494527,
              34.9963853
            ],
            [
              135.7494253,
              34.9963861
            ],
            [
              135.7493858,
              34.996384
            ]
          ]
        ]
      },
      "id": "way/273608977"
    },
    {
      "type": "Feature",
      "properties": {
        "@id": "way/278848320",
        "area": "yes",
        "highway": "pedestrian",
        "source": "Bing"
      },
      "geometry": {
        "type": "Polygon",
        "coordinates": [
          [
            [
              135.7598628,
              34.9911549
            ],
            [
              135.7598623,
              34.991112
            ],
            [
              135.7598583,
              34.990783
            ],
            [
              135.7600809,
              34.9907857
            ],
            [
              135.760073,
              34.9911095
            ],
            [
              135.7600719,
              34.9911559
            ],
            [
              135.7598628,
              34.9911549
            ]
          ]
        ]
      },
      "id": "way/278848320"
    },
    {
      "type": "Feature",
      "properties": {
        "@id": "way/284113820",
        "area": "yes",
        "highway": "pedestrian",
        "level": "0",
        "surface": "paving_stones"
      },
      "geometry": {
        "type": "Polygon",
        "coordinates": [
          [
            [
              135.758148,
              34.9841877
            ],
            [
              135.7579266,
              34.9843138
            ],
            [
              135.7575164,
              34.9843185
            ],
            [
              135.7574805,
              34.9843204
            ],
            [
              135.7574803,
              34.9843076
            ],
            [
              135.7575019,
              34.9842982
            ],
            [
              135.7577823,
              34.9841837
            ],
            [
              135.7579017,
              34.9841511
            ],
            [
              135.7579455,
              34.9841318
            ],
            [
              135.757994,
              34.9841314
            ],
            [
              135.7581025,
              34.9841306
            ],
            [
              135.7581204,
              34.9841311
            ],
            [
              135.7581466,
              34.9841319
            ],
            [
              135.7581711,
              34.9841329
            ],
            [
              135.7581812,
              34.9841379
            ],
            [
              135.758187,
              34.9841445
            ],
            [
              135.7581902,
              34.9841521
            ],
            [
              135.7581901,
              34.9841618
            ],
            [
              135.758189,
              34.9841654
            ],
            [
              135.758148,
              34.9841877
            ]
          ]
        ]
      },
      "id": "way/284113820"
    },
    {
      "type": "Feature",
      "properties": {
        "@id": "way/290375265",
        "access": "permissive",
        "amenity": "parking",
        "bus": "yes",
        "fee": "yes",
        "motor_vehicle": "no",
        "name": "梅小路公園大型バス駐車場",
        "name:en": "Umekōji Park",
        "name:fr": "Parc Umekōji",
        "name:ja-Hira": "うめこおじこうえんちゅしゃじょう",
        "name:ja-Latn": "Umekōji kōen chūshajō",
        "parking": "surface",
        "wheelchair": "yes"
      },
      "geometry": {
        "type": "Polygon",
        "coordinates": [
          [
            [
              135.7428506,
              34.988153
            ],
            [
              135.7427358,
              34.987952
            ],
            [
              135.742676,
              34.9878669
            ],
            [
              135.7427482,
              34.9878371
            ],
            [
              135.7426753,
              34.9877379
            ],
            [
              135.7426767,
              34.9876802
            ],
            [
              135.7428002,
              34.9876275
            ],
            [
              135.743186,
              34.9877143
            ],
            [
              135.7432064,
              34.9877189
            ],
            [
              135.7431979,
              34.9877579
            ],
            [
              135.7432038,
              34.9877704
            ],
            [
              135.7433945,
              34.9878116
            ],
            [
              135.7434024,
              34.987826
            ],
            [
              135.7433571,
              34.9879799
            ],
            [
              135.7433438,
              34.9879886
            ],
            [
              135.7432398,
              34.9879708
            ],
            [
              135.7431947,
              34.9879704
            ],
            [
              135.7431588,
              34.9879758
            ],
            [
              135.7431206,
              34.9879922
            ],
            [
              135.7430736,
              34.9880296
            ],
            [
              135.7430474,
              34.9880905
            ],
            [
              135.7430166,
              34.9881875
            ],
            [
              135.7429713,
              34.988181
            ],
            [
              135.7429285,
              34.9883053
            ],
            [
              135.7428506,
              34.988153
            ]
          ]
        ]
      },
      "id": "way/290375265"
    },
    {
      "type": "Feature",
      "properties": {
        "@id": "way/290771117",
        "area": "yes",
        "highway": "pedestrian"
      },
      "geometry": {
        "type": "Polygon",
        "coordinates": [
          [
            [
              135.764419,
              34.9858085
            ],
            [
              135.7643563,
              34.9858089
            ],
            [
              135.7643528,
              34.9861646
            ],
            [
              135.7643671,
              34.9861646
            ],
            [
              135.764371,
              34.9862146
            ],
            [
              135.7643701,
              34.9862769
            ],
            [
              135.7643952,
              34.9862784
            ],
            [
              135.7644252,
              34.9862803
            ],
            [
              135.7643655,
              34.9865632
            ],
            [
              135.7643596,
              34.9865912
            ],
            [
              135.7643397,
              34.9865897
            ],
            [
              135.7643457,
              34.9862579
            ],
            [
              135.7641711,
              34.9862548
            ],
            [
              135.7641764,
              34.9861993
            ],
            [
              135.7641826,
              34.9861324
            ],
            [
              135.764191,
              34.9860459
            ],
            [
              135.7641943,
              34.9858375
            ],
            [
              135.7641969,
              34.9858226
            ],
            [
              135.764206,
              34.9858064
            ],
            [
              135.7642183,
              34.9857925
            ],
            [
              135.7642383,
              34.9857794
            ],
            [
              135.7642622,
              34.9857706
            ],
            [
              135.7642865,
              34.985769
            ],
            [
              135.7644286,
              34.9857783
            ],
            [
              135.7644395,
              34.9857823
            ],
            [
              135.764419,
              34.9858085
            ]
          ]
        ]
      },
      "id": "way/290771117"
    },
    {
      "type": "Feature",
      "properties": {
        "@id": "way/323997958",
        "area": "yes",
        "bridge": "yes",
        "highway": "pedestrian",
        "layer": "1",
        "source": "Bing 2012-7;Survey",
        "surface": "paved"
      },
      "geometry": {
        "type": "Polygon",
        "coordinates": [
          [
            [
              135.7637574,
              34.9957708
            ],
            [
              135.7637166,
              34.9957727
            ],
            [
              135.7637082,
              34.9957731
            ],
            [
              135.7637009,
              34.9956679
            ],
            [
              135.7637097,
              34.9956675
            ],
            [
              135.7637213,
              34.995667
            ],
            [
              135.7637234,
              34.9956999
            ],
            [
              135.7637247,
              34.9957177
            ],
            [
              135.7637537,
              34.9957164
            ],
            [
              135.7637553,
              34.9957394
            ],
            [
              135.7637574,
              34.9957708
            ]
          ]
        ]
      },
      "id": "way/323997958"
    },
    {
      "type": "Feature",
      "properties": {
        "@id": "way/370376521",
        "area": "yes",
        "highway": "pedestrian"
      },
      "geometry": {
        "type": "Polygon",
        "coordinates": [
          [
            [
              135.7472325,
              34.9873543
            ],
            [
              135.7472568,
              34.9872754
            ],
            [
              135.7474516,
              34.9873012
            ],
            [
              135.7474247,
              34.987394
            ],
            [
              135.7473327,
              34.987375
            ],
            [
              135.7472325,
              34.9873543
            ]
          ]
        ]
      },
      "id": "way/370376521"
    },
    {
      "type": "Feature",
      "properties": {
        "@id": "way/448942978",
        "area": "yes",
        "highway": "pedestrian",
        "surface": "paved"
      },
      "geometry": {
        "type": "Polygon",
        "coordinates": [
          [
            [
              135.7661844,
              35.0006954
            ],
            [
              135.7661657,
              35.0006962
            ],
            [
              135.766164,
              35.0008082
            ],
            [
              135.7661278,
              35.0008099
            ],
            [
              135.7661288,
              35.0009112
            ],
            [
              135.7658522,
              35.0009131
            ],
            [
              135.7658502,
              35.0008533
            ],
            [
              135.7658455,
              35.0008437
            ],
            [
              135.7658083,
              35.0008428
            ],
            [
              135.7658083,
              35.0008324
            ],
            [
              135.765816,
              35.0008316
            ],
            [
              135.765815,
              35.0007786
            ],
            [
              135.7658441,
              35.0007802
            ],
            [
              135.7658468,
              35.000831
            ],
            [
              135.7658961,
              35.0008931
            ],
            [
              135.7660664,
              35.0008906
            ],
            [
              135.7660979,
              35.0008632
            ],
            [
              135.7660989,
              35.0007918
            ],
            [
              135.7661321,
              35.000767
            ],
            [
              135.7661278,
              35.0006734
            ],
            [
              135.7661848,
              35.0006728
            ],
            [
              135.7661844,
              35.0006954
            ]
          ]
        ]
      },
      "id": "way/448942978"
    },
    {
      "type": "Feature",
      "properties": {
        "@id": "way/529136041",
        "area": "yes",
        "highway": "pedestrian",
        "surface": "paved"
      },
      "geometry": {
        "type": "Polygon",
        "coordinates": [
          [
            [
              135.7514312,
              34.9869191
            ],
            [
              135.7514306,
              34.9869832
            ],
            [
              135.7513888,
              34.986983
            ],
            [
              135.7513885,
              34.9870175
            ],
            [
              135.7513553,
              34.9870173
            ],
            [
              135.751355,
              34.9870478
            ],
            [
              135.7513098,
              34.9870475
            ],
            [
              135.75131,
              34.9870314
            ],
            [
              135.7513164,
              34.9870315
            ],
            [
              135.7513167,
              34.9869953
            ],
            [
              135.751358,
              34.9869956
            ],
            [
              135.751359,
              34.9868751
            ],
            [
              135.7513873,
              34.9868752
            ],
            [
              135.751388,
              34.9868014
            ],
            [
              135.751424,
              34.9868016
            ],
            [
              135.7514237,
              34.9868317
            ],
            [
              135.7514433,
              34.9868318
            ],
            [
              135.7514426,
              34.9869191
            ],
            [
              135.7514312,
              34.9869191
            ]
          ]
        ]
      },
      "id": "way/529136041"
    },
    {
      "type": "Feature",
      "properties": {
        "@id": "way/533159971",
        "area": "yes",
        "highway": "pedestrian"
      },
      "geometry": {
        "type": "Polygon",
        "coordinates": [
          [
            [
              135.7601944,
              34.9868557
            ],
            [
              135.7601841,
              34.9868556
            ],
            [
              135.7601229,
              34.9868553
            ],
            [
              135.7601263,
              34.9864714
            ],
            [
              135.7601978,
              34.9864718
            ],
            [
              135.7601944,
              34.9868557
            ]
          ]
        ]
      },
      "id": "way/533159971"
    },
    {
      "type": "Feature",
      "properties": {
        "@id": "way/536429057",
        "area": "yes",
        "highway": "pedestrian"
      },
      "geometry": {
        "type": "Polygon",
        "coordinates": [
          [
            [
              135.7601121,
              34.9870286
            ],
            [
              135.760112,
              34.9870443
            ],
            [
              135.7601118,
              34.9870841
            ],
            [
              135.7600142,
              34.9870837
            ],
            [
              135.7600141,
              34.9870968
            ],
            [
              135.7599839,
              34.9870967
            ],
            [
              135.7599223,
              34.9870964
            ],
            [
              135.7599224,
              34.9870851
            ],
            [
              135.7599224,
              34.9870755
            ],
            [
              135.7599225,
              34.98706
            ],
            [
              135.7599547,
              34.9870602
            ],
            [
              135.7599549,
              34.987028
            ],
            [
              135.7601121,
              34.9870286
            ]
          ]
        ]
      },
      "id": "way/536429057"
    },
    {
      "type": "Feature",
      "properties": {
        "@id": "way/536519519",
        "area": "yes",
        "highway": "pedestrian",
        "smoothness": "good",
        "surface": "paving_stones"
      },
      "geometry": {
        "type": "Polygon",
        "coordinates": [
          [
            [
              135.7576348,
              34.9864975
            ],
            [
              135.7576052,
              34.9864694
            ],
            [
              135.7575828,
              34.9864482
            ],
            [
              135.7575828,
              34.9863408
            ],
            [
              135.7576279,
              34.9863406
            ],
            [
              135.7579182,
              34.9863406
            ],
            [
              135.7579182,
              34.9863545
            ],
            [
              135.7579183,
              34.9864544
            ],
            [
              135.7580944,
              34.9864544
            ],
            [
              135.7580944,
              34.9863561
            ],
            [
              135.7580944,
              34.9863414
            ],
            [
              135.7582331,
              34.9863414
            ],
            [
              135.7582331,
              34.9863574
            ],
            [
              135.7582332,
              34.9864781
            ],
            [
              135.7582015,
              34.9864974
            ],
            [
              135.7580812,
              34.9864974
            ],
            [
              135.7576348,
              34.9864975
            ]
          ]
        ]
      },
      "id": "way/536519519"
    },
    {
      "type": "Feature",
      "properties": {
        "@id": "way/551732202",
        "area": "yes",
        "highway": "pedestrian",
        "noname": "yes",
        "source": "Bing",
        "surface": "paving_stones"
      },
      "geometry": {
        "type": "Polygon",
        "coordinates": [
          [
            [
              135.7676613,
              35.0048455
            ],
            [
              135.7677824,
              35.004856
            ],
            [
              135.767836,
              35.0048606
            ],
            [
              135.7678554,
              35.0048622
            ],
            [
              135.7678444,
              35.0049362
            ],
            [
              135.7678303,
              35.0049722
            ],
            [
              135.7678209,
              35.0049865
            ],
            [
              135.7678185,
              35.0049997
            ],
            [
              135.7678229,
              35.0050151
            ],
            [
              135.767833,
              35.0050291
            ],
            [
              135.7678501,
              35.0050387
            ],
            [
              135.7678501,
              35.0050554
            ],
            [
              135.767833,
              35.0050554
            ],
            [
              135.7678309,
              35.0051134
            ],
            [
              135.7677904,
              35.0051128
            ],
            [
              135.767786,
              35.0051156
            ],
            [
              135.767784,
              35.0051197
            ],
            [
              135.76778,
              35.0052242
            ],
            [
              135.7677512,
              35.0052239
            ],
            [
              135.7677205,
              35.0052235
            ],
            [
              135.7677049,
              35.0052233
            ],
            [
              135.767724,
              35.0052142
            ],
            [
              135.767728,
              35.0052095
            ],
            [
              135.7677307,
              35.0052021
            ],
            [
              135.767732,
              35.0051224
            ],
            [
              135.7677307,
              35.005112
            ],
            [
              135.767722,
              35.0051038
            ],
            [
              135.7677126,
              35.0050994
            ],
            [
              135.7676744,
              35.0050977
            ],
            [
              135.7676636,
              35.0051005
            ],
            [
              135.7676563,
              35.0051065
            ],
            [
              135.7676539,
              35.0051204
            ],
            [
              135.7676221,
              35.0051199
            ],
            [
              135.7676187,
              35.0051046
            ],
            [
              135.76761,
              35.0050988
            ],
            [
              135.7675966,
              35.0050955
            ],
            [
              135.7675775,
              35.0050946
            ],
            [
              135.7675516,
              35.0050942
            ],
            [
              135.7675521,
              35.0050771
            ],
            [
              135.7675512,
              35.004976
            ],
            [
              135.7675498,
              35.0048604
            ],
            [
              135.7675262,
              35.0048344
            ],
            [
              135.7676454,
              35.0048441
            ],
            [
              135.7676613,
              35.0048455
            ]
          ]
        ]
      },
      "id": "way/551732202"
    },
    {
      "type": "Feature",
      "properties": {
        "@id": "way/779023333",
        "area": "yes",
        "highway": "pedestrian"
      },
      "geometry": {
        "type": "Polygon",
        "coordinates": [
          [
            [
              135.7433416,
              35.0020087
            ],
            [
              135.7433397,
              35.001948
            ],
            [
              135.7433379,
              35.0018914
            ],
            [
              135.7434552,
              35.0018889
            ],
            [
              135.7434488,
              35.0016838
            ],
            [
              135.7435041,
              35.0016826
            ],
            [
              135.7435017,
              35.0016045
            ],
            [
              135.7434995,
              35.0015342
            ],
            [
              135.7434373,
              35.0015355
            ],
            [
              135.7434359,
              35.0014878
            ],
            [
              135.7434165,
              35.0014882
            ],
            [
              135.7434156,
              35.0014571
            ],
            [
              135.7434394,
              35.0014566
            ],
            [
              135.7434355,
              35.0013305
            ],
            [
              135.7435125,
              35.0013289
            ],
            [
              135.7435528,
              35.001328
            ],
            [
              135.7435561,
              35.0014317
            ],
            [
              135.7436427,
              35.0014299
            ],
            [
              135.7436459,
              35.0015352
            ],
            [
              135.7437461,
              35.0015331
            ],
            [
              135.7437481,
              35.0015986
            ],
            [
              135.7437487,
              35.0016165
            ],
            [
              135.7437508,
              35.0016871
            ],
            [
              135.7437228,
              35.0016876
            ],
            [
              135.7437313,
              35.0019638
            ],
            [
              135.7436008,
              35.0019665
            ],
            [
              135.7434188,
              35.0019703
            ],
            [
              135.74342,
              35.0020071
            ],
            [
              135.7433588,
              35.0020083
            ],
            [
              135.7433416,
              35.0020087
            ]
          ]
        ]
      },
      "id": "way/779023333"
    },
    {
      "type": "Feature",
      "properties": {
        "@id": "way/888812544",
        "area": "yes",
        "highway": "pedestrian",
        "level": "0",
        "surface": "paving_stones"
      },
      "geometry": {
        "type": "Polygon",
        "coordinates": [
          [
            [
              135.757948,
              34.9843819
            ],
            [
              135.758177,
              34.9842155
            ],
            [
              135.7582549,
              34.984159
            ],
            [
              135.758278,
              34.9841583
            ],
            [
              135.7583351,
              34.9842348
            ],
            [
              135.7583773,
              34.9842511
            ],
            [
              135.7585063,
              34.9842714
            ],
            [
              135.7585559,
              34.9842796
            ],
            [
              135.7585824,
              34.984304
            ],
            [
              135.7586254,
              34.9843656
            ],
            [
              135.7586577,
              34.9843982
            ],
            [
              135.7587544,
              34.9844022
            ],
            [
              135.7588305,
              34.9844029
            ],
            [
              135.7598145,
              34.9844136
            ],
            [
              135.7598286,
              34.9843513
            ],
            [
              135.7598389,
              34.9843096
            ],
            [
              135.7598552,
              34.9842902
            ],
            [
              135.7598765,
              34.9842796
            ],
            [
              135.7598958,
              34.9842737
            ],
            [
              135.7599134,
              34.9842718
            ],
            [
              135.7599327,
              34.9842724
            ],
            [
              135.7599474,
              34.9842756
            ],
            [
              135.7599598,
              34.9842797
            ],
            [
              135.7599742,
              34.9842886
            ],
            [
              135.75999,
              34.9843017
            ],
            [
              135.7600119,
              34.9843169
            ],
            [
              135.7600249,
              34.9843242
            ],
            [
              135.7603482,
              34.9843934
            ],
            [
              135.7603474,
              34.9844328
            ],
            [
              135.7603469,
              34.9844564
            ],
            [
              135.7603468,
              34.9844621
            ],
            [
              135.759967,
              34.984457
            ],
            [
              135.759356,
              34.9844488
            ],
            [
              135.7588309,
              34.9844418
            ],
            [
              135.7579485,
              34.98443
            ],
            [
              135.7569241,
              34.9844402
            ],
            [
              135.7569243,
              34.984426
            ],
            [
              135.7569249,
              34.9843888
            ],
            [
              135.7569231,
              34.9843785
            ],
            [
              135.757948,
              34.9843819
            ]
          ]
        ]
      },
      "id": "way/888812544"
    },
    {
      "type": "Feature",
      "properties": {
        "@id": "way/1117526374",
        "area": "yes",
        "highway": "pedestrian"
      },
      "geometry": {
        "type": "Polygon",
        "coordinates": [
          [
            [
              135.7625413,
              35.0007787
            ],
            [
              135.7625467,
              35.000379
            ],
            [
              135.7624973,
              35.0003787
            ],
            [
              135.7624989,
              35.0002568
            ],
            [
              135.7624388,
              35.0002564
            ],
            [
              135.7624398,
              35.0001451
            ],
            [
              135.7624769,
              35.0001455
            ],
            [
              135.7625124,
              35.0001458
            ],
            [
              135.7625602,
              35.0002626
            ],
            [
              135.7628001,
              35.0002647
            ],
            [
              135.7627996,
              35.0003018
            ],
            [
              135.7627992,
              35.0003315
            ],
            [
              135.7627671,
              35.0003315
            ],
            [
              135.762763,
              35.0003936
            ],
            [
              135.762664,
              35.0003923
            ],
            [
              135.7626616,
              35.0004591
            ],
            [
              135.7627234,
              35.0004598
            ],
            [
              135.7627226,
              35.0005618
            ],
            [
              135.762769,
              35.0005625
            ],
            [
              135.7627688,
              35.000595
            ],
            [
              135.7627678,
              35.0007061
            ],
            [
              135.7627676,
              35.0007792
            ],
            [
              135.7627311,
              35.0007791
            ],
            [
              135.7625413,
              35.0007787
            ]
          ]
        ]
      },
      "id": "way/1117526374"
    },
    {
      "type": "Feature",
      "properties": {
        "@id": "way/1148854937",
        "area": "yes",
        "highway": "pedestrian"
      },
      "geometry": {
        "type": "Polygon",
        "coordinates": [
          [
            [
              135.7672844,
              35.0071815
            ],
            [
              135.7673051,
              35.0071811
            ],
            [
              135.7674808,
              35.0071782
            ],
            [
              135.7674812,
              35.0071945
            ],
            [
              135.7674828,
              35.0072559
            ],
            [
              135.7674863,
              35.0073952
            ],
            [
              135.7674586,
              35.0073659
            ],
            [
              135.7672992,
              35.0071972
            ],
            [
              135.7672844,
              35.0071815
            ]
          ]
        ]
      },
      "id": "way/1148854937"
    },
    {
      "type": "Feature",
      "properties": {
        "@id": "way/1149041618",
        "area": "yes",
        "highway": "pedestrian"
      },
      "geometry": {
        "type": "Polygon",
        "coordinates": [
          [
            [
              135.7674785,
              35.0081356
            ],
            [
              135.7674791,
              35.0080813
            ],
            [
              135.7674798,
              35.0080124
            ],
            [
              135.7674924,
              35.0080125
            ],
            [
              135.7679073,
              35.0080125
            ],
            [
              135.7679171,
              35.0080814
            ],
            [
              135.7679172,
              35.0081269
            ],
            [
              135.76749,
              35.0081352
            ],
            [
              135.7674785,
              35.0081356
            ]
          ]
        ]
      },
      "id": "way/1149041618"
    },
    {
      "type": "Feature",
      "properties": {
        "@id": "way/1150018115",
        "area": "yes",
        "highway": "pedestrian"
      },
      "geometry": {
        "type": "Polygon",
        "coordinates": [
          [
            [
              135.7384066,
              35.0188435
            ],
            [
              135.738402,
              35.0188022
            ],
            [
              135.7386213,
              35.0187886
            ],
            [
              135.7386245,
              35.0188236
            ],
            [
              135.7386104,
              35.0188309
            ],
            [
              135.7384066,
              35.0188435
            ]
          ]
        ]
      },
      "id": "way/1150018115"
    },
    {
      "type": "Feature",
      "properties": {
        "@id": "way/1150053957",
        "area": "yes",
        "highway": "pedestrian",
        "surface": "paving_stones"
      },
      "geometry": {
        "type": "Polygon",
        "coordinates": [
          [
            [
              135.7533189,
              35.0123392
            ],
            [
              135.7533546,
              35.0123388
            ],
            [
              135.7533906,
              35.0123385
            ],
            [
              135.7533906,
              35.0123715
            ],
            [
              135.7533908,
              35.0128017
            ],
            [
              135.7533192,
              35.0128017
            ],
            [
              135.7533189,
              35.0123392
            ]
          ]
        ]
      },
      "id": "way/1150053957"
    },
    {
      "type": "Feature",
      "properties": {
        "@id": "way/1164606468",
        "area": "yes",
        "highway": "pedestrian"
      },
      "geometry": {
        "type": "Polygon",
        "coordinates": [
          [
            [
              135.7433766,
              34.9875332
            ],
            [
              135.743308,
              34.9875118
            ],
            [
              135.74331,
              34.9874973
            ],
            [
              135.743296,
              34.9874773
            ],
            [
              135.7430572,
              34.9874042
            ],
            [
              135.7428384,
              34.9872975
            ],
            [
              135.7429068,
              34.9872724
            ],
            [
              135.7429748,
              34.9872569
            ],
            [
              135.7430243,
              34.9873375
            ],
            [
              135.743054,
              34.9873304
            ],
            [
              135.7431019,
              34.9873684
            ],
            [
              135.7432649,
              34.987401
            ],
            [
              135.7432239,
              34.987312
            ],
            [
              135.743215,
              34.9873146
            ],
            [
              135.7431954,
              34.9872709
            ],
            [
              135.7431279,
              34.9872913
            ],
            [
              135.743119,
              34.9872716
            ],
            [
              135.7432318,
              34.9872376
            ],
            [
              135.7433477,
              34.9872027
            ],
            [
              135.7433564,
              34.9872219
            ],
            [
              135.7432829,
              34.987244
            ],
            [
              135.7433027,
              34.9872882
            ],
            [
              135.7432873,
              34.9872929
            ],
            [
              135.7433384,
              34.9873981
            ],
            [
              135.7434237,
              34.9874241
            ],
            [
              135.7433766,
              34.9875332
            ]
          ]
        ]
      },
      "id": "way/1164606468"
    },
    {
      "type": "Feature",
      "properties": {
        "@id": "way/1164606469",
        "area": "yes",
        "highway": "pedestrian"
      },
      "geometry": {
        "type": "Polygon",
        "coordinates": [
          [
            [
              135.7434931,
              34.9875714
            ],
            [
              135.7434221,
              34.9877366
            ],
            [
              135.7433061,
              34.987709
            ],
            [
              135.7432723,
              34.9876556
            ],
            [
              135.7432103,
              34.9876424
            ],
            [
              135.7428338,
              34.9875621
            ],
            [
              135.7428424,
              34.9875355
            ],
            [
              135.7428761,
              34.9875394
            ],
            [
              135.7432061,
              34.9876099
            ],
            [
              135.7432089,
              34.9876046
            ],
            [
              135.7428779,
              34.9875365
            ],
            [
              135.7428357,
              34.9875314
            ],
            [
              135.7427817,
              34.9875667
            ],
            [
              135.7425768,
              34.9876506
            ],
            [
              135.7423294,
              34.9874155
            ],
            [
              135.7422973,
              34.9874359
            ],
            [
              135.7422816,
              34.9874186
            ],
            [
              135.7422626,
              34.9873976
            ],
            [
              135.7422891,
              34.9873809
            ],
            [
              135.7419918,
              34.9871238
            ],
            [
              135.7412965,
              34.9865281
            ],
            [
              135.7413163,
              34.986515
            ],
            [
              135.7413328,
              34.9865035
            ],
            [
              135.7417657,
              34.9868736
            ],
            [
              135.7426,
              34.9875832
            ],
            [
              135.742791,
              34.9874384
            ],
            [
              135.7428154,
              34.98746
            ],
            [
              135.7429294,
              34.987467
            ],
            [
              135.7431373,
              34.9874742
            ],
            [
              135.743158,
              34.9874733
            ],
            [
              135.7432961,
              34.9875135
            ],
            [
              135.743308,
              34.9875118
            ],
            [
              135.7433766,
              34.9875332
            ],
            [
              135.7434931,
              34.9875714
            ]
          ]
        ]
      },
      "id": "way/1164606469"
    },
    {
      "type": "Feature",
      "properties": {
        "@id": "way/1241563054",
        "area": "yes",
        "highway": "pedestrian",
        "noname": "yes",
        "surface": "gravel"
      },
      "geometry": {
        "type": "Polygon",
        "coordinates": [
          [
            [
              135.7584539,
              34.9914644
            ],
            [
              135.7584546,
              34.9913632
            ],
            [
              135.7588708,
              34.9913652
            ],
            [
              135.758876,
              34.990635
            ],
            [
              135.758759,
              34.9906344
            ],
            [
              135.7587597,
              34.9905356
            ],
            [
              135.7587634,
              34.9900172
            ],
            [
              135.7585271,
              34.9900161
            ],
            [
              135.7585274,
              34.9899771
            ],
            [
              135.7585276,
              34.9899459
            ],
            [
              135.7588436,
              34.9899465
            ],
            [
              135.7591579,
              34.9899489
            ],
            [
              135.7591568,
              34.9901004
            ],
            [
              135.7592991,
              34.990101
            ],
            [
              135.7592986,
              34.990165
            ],
            [
              135.7594037,
              34.9901655
            ],
            [
              135.7594023,
              34.9903601
            ],
            [
              135.7594013,
              34.9904932
            ],
            [
              135.7592493,
              34.9904924
            ],
            [
              135.759249,
              34.9905369
            ],
            [
              135.7592476,
              34.9907329
            ],
            [
              135.7592705,
              34.990733
            ],
            [
              135.7593529,
              34.9907334
            ],
            [
              135.7593521,
              34.990849
            ],
            [
              135.7592795,
              34.9908486
            ],
            [
              135.7592784,
              34.9909983
            ],
            [
              135.7592773,
              34.9911506
            ],
            [
              135.7593528,
              34.991151
            ],
            [
              135.7593522,
              34.9912321
            ],
            [
              135.759393,
              34.9912323
            ],
            [
              135.7593921,
              34.9913538
            ],
            [
              135.7593916,
              34.9914261
            ],
            [
              135.7594717,
              34.9914265
            ],
            [
              135.7594715,
              34.9914458
            ],
            [
              135.7594714,
              34.9914682
            ],
            [
              135.7595119,
              34.9914684
            ],
            [
              135.7595115,
              34.9915249
            ],
            [
              135.7593469,
              34.9915241
            ],
            [
              135.7590302,
              34.9915226
            ],
            [
              135.7590297,
              34.9915825
            ],
            [
              135.7588451,
              34.9915816
            ],
            [
              135.758846,
              34.9914662
            ],
            [
              135.7584539,
              34.9914644
            ]
          ]
        ]
      },
      "id": "way/1241563054"
    },
    {
      "type": "Feature",
      "properties": {
        "@id": "way/1414650799",
        "area": "yes",
        "highway": "pedestrian"
      },
      "geometry": {
        "type": "Polygon",
        "coordinates": [
          [
            [
              135.7468564,
              35.0135736
            ],
            [
              135.7468477,
              35.0134127
            ],
            [
              135.7470181,
              35.0134065
            ],
            [
              135.7470269,
              35.0135678
            ],
            [
              135.7469723,
              35.0135698
            ],
            [
              135.7469718,
              35.0135604
            ],
            [
              135.7469399,
              35.0135616
            ],
            [
              135.7469072,
              35.0135628
            ],
            [
              135.7469077,
              35.0135717
            ],
            [
              135.7468564,
              35.0135736
            ]
          ]
        ]
      },
      "id": "way/1414650799"
    },
    {
      "type": "Feature",
      "properties": {
        "@id": "way/1414715173",
        "area": "yes",
        "highway": "pedestrian"
      },
      "geometry": {
        "type": "Polygon",
        "coordinates": [
          [
            [
              135.7512343,
              35.0119829
            ],
            [
              135.7513799,
              35.0119821
            ],
            [
              135.7514228,
              35.011982
            ],
            [
              135.7514596,
              35.0119764
            ],
            [
              135.7514633,
              35.0120915
            ],
            [
              135.7515033,
              35.0121186
            ],
            [
              135.7515107,
              35.0121275
            ],
            [
              135.7514622,
              35.0121948
            ],
            [
              135.7514517,
              35.0122371
            ],
            [
              135.75145,
              35.0122954
            ],
            [
              135.7514474,
              35.0124285
            ],
            [
              135.7514557,
              35.0126124
            ],
            [
              135.7514734,
              35.0126546
            ],
            [
              135.7514827,
              35.0127114
            ],
            [
              135.75149,
              35.0129642
            ],
            [
              135.75149,
              35.0130086
            ],
            [
              135.7514863,
              35.0130251
            ],
            [
              135.7514744,
              35.0130537
            ],
            [
              135.7514634,
              35.0130748
            ],
            [
              135.7514606,
              35.0131267
            ],
            [
              135.7514661,
              35.0132252
            ],
            [
              135.7514658,
              35.0132612
            ],
            [
              135.7514652,
              35.0133238
            ],
            [
              135.751467,
              35.0133426
            ],
            [
              135.7514551,
              35.0133629
            ],
            [
              135.751428,
              35.0134072
            ],
            [
              135.7513844,
              35.0134787
            ],
            [
              135.7513742,
              35.0134794
            ],
            [
              135.7513614,
              35.0134803
            ],
            [
              135.7513585,
              35.0134022
            ],
            [
              135.7513668,
              35.013402
            ],
            [
              135.7513595,
              35.0132323
            ],
            [
              135.7513522,
              35.0132327
            ],
            [
              135.7513517,
              35.013212
            ],
            [
              135.751351,
              35.0131923
            ],
            [
              135.7513332,
              35.0127677
            ],
            [
              135.7513126,
              35.0127676
            ],
            [
              135.7512968,
              35.0127674
            ],
            [
              135.7512968,
              35.0127575
            ],
            [
              135.7512658,
              35.0127575
            ],
            [
              135.7512343,
              35.0119829
            ]
          ]
        ]
      },
      "id": "way/1414715173"
    },
    {
      "type": "Feature",
      "properties": {
        "@id": "way/22729335",
        "bicycle": "yes",
        "foot": "yes",
        "highway": "pedestrian",
        "motor_vehicle": "no",
        "motor_vehicle:conditional": "yes @ (21:00-14:00)",
        "motorcar": "no",
        "name:en": "Sanjo Street",
        "name:ja": "三条通",
        "oneway": "yes",
        "oneway:bicycle": "no",
        "surface": "asphalt"
      },
      "geometry": {
        "type": "LineString",
        "coordinates": [
          [
            135.7430328,
            35.0085583
          ],
          [
            135.7430024,
            35.0085588
          ],
          [
            135.7429546,
            35.0085597
          ]
        ]
      },
      "id": "way/22729335"
    },
    {
      "type": "Feature",
      "properties": {
        "@id": "way/32811689",
        "highway": "pedestrian",
        "name": "六条通",
        "smoothness": "excellent",
        "surface": "asphalt"
      },
      "geometry": {
        "type": "LineString",
        "coordinates": [
          [
            135.7596811,
            34.9939713
          ],
          [
            135.7596106,
            34.9939903
          ],
          [
            135.7589729,
            34.9939874
          ],
          [
            135.7581934,
            34.9939807
          ],
          [
            135.7574242,
            34.99398
          ],
          [
            135.7566741,
            34.9939793
          ]
        ]
      },
      "id": "way/32811689"
    },
    {
      "type": "Feature",
      "properties": {
        "@id": "way/32811690",
        "highway": "pedestrian",
        "name": "六条通",
        "oneway:bicycle": "no"
      },
      "geometry": {
        "type": "LineString",
        "coordinates": [
          [
            135.7566759,
            34.9941685
          ],
          [
            135.7559637,
            34.9941599
          ],
          [
            135.7552173,
            34.9941475
          ],
          [
            135.7551713,
            34.9941413
          ],
          [
            135.7551327,
            34.9941412
          ],
          [
            135.754406,
            34.9941384
          ],
          [
            135.7537149,
            34.994142
          ],
          [
            135.7531814,
            34.9941426
          ],
          [
            135.7527585,
            34.994134
          ],
          [
            135.752656,
            34.9941215
          ]
        ]
      },
      "id": "way/32811690"
    },
    {
      "type": "Feature",
      "properties": {
        "@id": "way/33047423",
        "highway": "pedestrian",
        "name": "蛸薬師通 (Takoyakushi-dori)",
        "oneway": "yes"
      },
      "geometry": {
        "type": "LineString",
        "coordinates": [
          [
            135.7671998,
            35.0061789
          ],
          [
            135.7668879,
            35.0061916
          ]
        ]
      },
      "id": "way/33047423"
    },
    {
      "type": "Feature",
      "properties": {
        "@id": "way/37278116",
        "abutters": "retail",
        "bicycle": "dismount",
        "carriage": "no",
        "contact:facebook": "shinkyogoku",
        "contact:tripadvisor": "1386092",
        "contact:website": "https://www.shinkyogoku.or.jp/",
        "covered": "yes",
        "highway": "pedestrian",
        "horse": "no",
        "motor_vehicle": "no",
        "name": "新京極通",
        "name:en": "Shinkyogoku street",
        "name:fr": "Rue Shinkyōgoku",
        "name:ja-Hira": "しんきょうごくどおり",
        "name:ja-Latn": "Shinkyōgoku-dōri",
        "name:ru": "Синкёгоку улица",
        "start_date": "1872",
        "surface": "paving_stones",
        "tourism": "attraction",
        "wikidata": "Q11501300",
        "wikimedia_commons": "Category:Shinkyogoku",
        "wikipedia": "ja:新京極通"
      },
      "geometry": {
        "type": "LineString",
        "coordinates": [
          [
            135.7674435,
            35.0087052
          ],
          [
            135.7674502,
            35.0082718
          ],
          [
            135.7674536,
            35.0080813
          ],
          [
            135.7674581,
            35.0076984
          ],
          [
            135.7674613,
            35.0073968
          ],
          [
            135.7674592,
            35.0073938
          ],
          [
            135.7672692,
            35.0071982
          ],
          [
            135.7672483,
            35.0067737
          ],
          [
            135.7672471,
            35.0067553
          ],
          [
            135.7672449,
            35.006721
          ],
          [
            135.767216,
            35.006374
          ],
          [
            135.7672016,
            35.0062001
          ],
          [
            135.7671998,
            35.0061789
          ],
          [
            135.7671823,
            35.0058999
          ],
          [
            135.7671805,
            35.005867
          ],
          [
            135.76718,
            35.005739
          ],
          [
            135.7671795,
            35.0055953
          ],
          [
            135.7671796,
            35.0055439
          ],
          [
            135.7671845,
            35.005019
          ],
          [
            135.7671881,
            35.0048224
          ],
          [
            135.7671905,
            35.0046151
          ],
          [
            135.7671917,
            35.0045086
          ],
          [
            135.7671935,
            35.0043494
          ],
          [
            135.7671913,
            35.0041613
          ],
          [
            135.7671914,
            35.0040339
          ],
          [
            135.7671917,
            35.003803
          ],
          [
            135.7671922,
            35.0037181
          ]
        ]
      },
      "id": "way/37278116"
    },
    {
      "type": "Feature",
      "properties": {
        "@id": "way/37278118",
        "highway": "pedestrian",
        "surface": "asphalt"
      },
      "geometry": {
        "type": "LineString",
        "coordinates": [
          [
            135.7686914,
            35.0042532
          ],
          [
            135.7686551,
            35.0042508
          ],
          [
            135.7686222,
            35.0042472
          ],
          [
            135.7684394,
            35.0042002
          ],
          [
            135.7683904,
            35.0042938
          ],
          [
            135.7683503,
            35.0043029
          ],
          [
            135.7682852,
            35.0043123
          ],
          [
            135.7682111,
            35.0043197
          ],
          [
            135.7681453,
            35.004323
          ],
          [
            135.7680603,
            35.0043216
          ],
          [
            135.768002,
            35.0043443
          ],
          [
            135.7677563,
            35.0043459
          ],
          [
            135.7676617,
            35.0043465
          ],
          [
            135.7671935,
            35.0043494
          ]
        ]
      },
      "id": "way/37278118"
    },
    {
      "type": "Feature",
      "properties": {
        "@id": "way/37278119",
        "highway": "pedestrian",
        "name": "花遊小路",
        "source": "GSImaps/std"
      },
      "geometry": {
        "type": "LineString",
        "coordinates": [
          [
            135.7677868,
            35.0040342
          ],
          [
            135.7671914,
            35.0040339
          ]
        ]
      },
      "id": "way/37278119"
    },
    {
      "type": "Feature",
      "properties": {
        "@id": "way/37278120",
        "highway": "pedestrian",
        "source": "GSImaps/std",
        "surface": "paving_stones"
      },
      "geometry": {
        "type": "LineString",
        "coordinates": [
          [
            135.7671917,
            35.0045086
          ],
          [
            135.7668645,
            35.0045101
          ]
        ]
      },
      "id": "way/37278120"
    },
    {
      "type": "Feature",
      "properties": {
        "@id": "way/37278121",
        "highway": "pedestrian"
      },
      "geometry": {
        "type": "LineString",
        "coordinates": [
          [
            135.7668616,
            35.0048238
          ],
          [
            135.7671881,
            35.0048224
          ]
        ]
      },
      "id": "way/37278121"
    },
    {
      "type": "Feature",
      "properties": {
        "@id": "way/37278122",
        "highway": "pedestrian",
        "surface": "asphalt"
      },
      "geometry": {
        "type": "LineString",
        "coordinates": [
          [
            135.7676454,
            35.0048441
          ],
          [
            135.7676529,
            35.0047311
          ],
          [
            135.7676576,
            35.0046207
          ],
          [
            135.7676617,
            35.0043465
          ]
        ]
      },
      "id": "way/37278122"
    },
    {
      "type": "Feature",
      "properties": {
        "@id": "way/37278123",
        "highway": "pedestrian"
      },
      "geometry": {
        "type": "LineString",
        "coordinates": [
          [
            135.7668716,
            35.0055906
          ],
          [
            135.7671795,
            35.0055953
          ]
        ]
      },
      "id": "way/37278123"
    },
    {
      "type": "Feature",
      "properties": {
        "@id": "way/37278124",
        "highway": "pedestrian",
        "name": "蛸薬師通り",
        "name:en": "Takoyakushi-dori"
      },
      "geometry": {
        "type": "LineString",
        "coordinates": [
          [
            135.7668803,
            35.005871
          ],
          [
            135.7671805,
            35.005867
          ]
        ]
      },
      "id": "way/37278124"
    },
    {
      "type": "Feature",
      "properties": {
        "@id": "way/37278125",
        "highway": "pedestrian"
      },
      "geometry": {
        "type": "LineString",
        "coordinates": [
          [
            135.7669049,
            35.0067959
          ],
          [
            135.7672483,
            35.0067737
          ]
        ]
      },
      "id": "way/37278125"
    },
    {
      "type": "Feature",
      "properties": {
        "@id": "way/37278126",
        "bicycle:conditional": "dismount @ (10:00-0:00)",
        "carriage:conditional": "no @ (10:00-0:00)",
        "foot": "yes",
        "highway": "pedestrian",
        "motor_vehicle:conditional": "no @ (10:00-0:00)"
      },
      "geometry": {
        "type": "LineString",
        "coordinates": [
          [
            135.7679224,
            35.0070927
          ],
          [
            135.7677987,
            35.0070933
          ],
          [
            135.7677972,
            35.0071548
          ],
          [
            135.7675047,
            35.0071903
          ],
          [
            135.7674812,
            35.0071945
          ],
          [
            135.7674547,
            35.0071951
          ],
          [
            135.7672992,
            35.0071972
          ],
          [
            135.7672692,
            35.0071982
          ]
        ]
      },
      "id": "way/37278126"
    },
    {
      "type": "Feature",
      "properties": {
        "@id": "way/37278127",
        "highway": "pedestrian"
      },
      "geometry": {
        "type": "LineString",
        "coordinates": [
          [
            135.7669756,
            35.0073942
          ],
          [
            135.7672354,
            35.0073953
          ],
          [
            135.7674592,
            35.0073938
          ]
        ]
      },
      "id": "way/37278127"
    },
    {
      "type": "Feature",
      "properties": {
        "@id": "way/37278128",
        "highway": "pedestrian",
        "name": "六角通",
        "name:en": "Rokkaku-dōri",
        "source": "GSImaps/std",
        "surface": "asphalt"
      },
      "geometry": {
        "type": "LineString",
        "coordinates": [
          [
            135.7669321,
            35.0077153
          ],
          [
            135.7674581,
            35.0076984
          ],
          [
            135.7678771,
            35.0076852
          ],
          [
            135.7683175,
            35.0076544
          ]
        ]
      },
      "id": "way/37278128"
    },
    {
      "type": "Feature",
      "properties": {
        "@id": "way/37902554",
        "cycleway:both": "no",
        "highway": "pedestrian",
        "lit": "yes",
        "name": "姉小路通",
        "name:en": "Aneyakoji Street",
        "name:fr": "Rue Aneyakōji",
        "name:ja": "姉小路通",
        "name:ja-Hira": "あねやこうじどおり",
        "name:ja-Latn": "Aneyakōji dōri",
        "smoothness": "good",
        "surface": "asphalt"
      },
      "geometry": {
        "type": "LineString",
        "coordinates": [
          [
            135.7671906,
            35.0095925
          ],
          [
            135.7685662,
            35.0096001
          ],
          [
            135.7688641,
            35.0096069
          ],
          [
            135.7689682,
            35.0096118
          ]
        ]
      },
      "id": "way/37902554"
    },
    {
      "type": "Feature",
      "properties": {
        "@id": "way/46699198",
        "disused:highway": "tertiary",
        "highway": "pedestrian",
        "name": "お東さん広場",
        "oneway:bicycle": "yes",
        "surface": "paving_stones"
      },
      "geometry": {
        "type": "LineString",
        "coordinates": [
          [
            135.7598361,
            34.9898958
          ],
          [
            135.7598348,
            34.9899857
          ],
          [
            135.7598296,
            34.9903572
          ],
          [
            135.759819,
            34.991112
          ],
          [
            135.7598143,
            34.9914459
          ],
          [
            135.7598052,
            34.9920903
          ],
          [
            135.7597999,
            34.9924714
          ],
          [
            135.7597973,
            34.9926547
          ]
        ]
      },
      "id": "way/46699198"
    },
    {
      "type": "Feature",
      "properties": {
        "@id": "way/66703315",
        "abutters": "retail",
        "covered": "yes",
        "highway": "pedestrian",
        "lit": "yes",
        "name": "錦小路通",
        "name:en": "Nishikikōji Street",
        "name:fr": "Rue Nishikikōji",
        "name:ja-Hira": "にしきこうじどおり",
        "name:ja-Latn": "Nishikikōji-dōri",
        "opening_hours": "09:00-18:00",
        "smoothness": "excellent",
        "surface": "paving_stones",
        "wikidata": "Q11650428"
      },
      "geometry": {
        "type": "LineString",
        "coordinates": [
          [
            135.7625809,
            35.0049984
          ],
          [
            135.7625989,
            35.0049985
          ],
          [
            135.7632758,
            35.0050033
          ],
          [
            135.7639713,
            35.0050046
          ],
          [
            135.7649114,
            35.0050192
          ],
          [
            135.7656293,
            35.0050299
          ],
          [
            135.7663533,
            35.0050389
          ],
          [
            135.76682,
            35.00503
          ],
          [
            135.7668613,
            35.0050292
          ]
        ]
      },
      "id": "way/66703315"
    },
    {
      "type": "Feature",
      "properties": {
        "@id": "way/66703316",
        "highway": "pedestrian",
        "name": "錦小路通",
        "name:en": "Nishikikōji Street",
        "name:fr": "Rue Nishikikōji",
        "name:ja": "錦小路通",
        "name:ja-Hira": "にしきこうじどおり",
        "name:ja-Latn": "Nishikikōji-dōri",
        "surface": "paving_stones",
        "wikidata": "Q11650428"
      },
      "geometry": {
        "type": "LineString",
        "coordinates": [
          [
            135.7668613,
            35.0050292
          ],
          [
            135.7669717,
            35.0050249
          ],
          [
            135.7671845,
            35.005019
          ]
        ]
      },
      "id": "way/66703316"
    },
    {
      "type": "Feature",
      "properties": {
        "@id": "way/66705749",
        "highway": "pedestrian"
      },
      "geometry": {
        "type": "LineString",
        "coordinates": [
          [
            135.7672692,
            35.0071982
          ],
          [
            135.7671636,
            35.0072687
          ],
          [
            135.7669756,
            35.0073942
          ],
          [
            135.7669188,
            35.0073701
          ]
        ]
      },
      "id": "way/66705749"
    },
    {
      "type": "Feature",
      "properties": {
        "@id": "way/66705751",
        "bicycle:conditional": "dismount @ (13:00-0:00)",
        "carriage:conditional": "no @ (13:00-0:00)",
        "foot": "yes",
        "highway": "pedestrian",
        "motor_vehicle:conditional": "no @ (13:00-0:00)",
        "surface": "asphalt"
      },
      "geometry": {
        "type": "LineString",
        "coordinates": [
          [
            135.7671881,
            35.0048224
          ],
          [
            135.7672995,
            35.0048241
          ],
          [
            135.7674145,
            35.0048282
          ],
          [
            135.7675262,
            35.0048344
          ],
          [
            135.7676454,
            35.0048441
          ],
          [
            135.7676613,
            35.0048455
          ],
          [
            135.7677824,
            35.004856
          ],
          [
            135.767836,
            35.0048606
          ],
          [
            135.7678554,
            35.0048622
          ],
          [
            135.7680146,
            35.0048751
          ],
          [
            135.7681255,
            35.0048819
          ],
          [
            135.7683931,
            35.004893
          ]
        ]
      },
      "id": "way/66705751"
    },
    {
      "type": "Feature",
      "properties": {
        "@id": "way/102292295",
        "highway": "pedestrian",
        "name": "柳小路",
        "name:en": "Yanagikoji",
        "name:ja": "柳小路"
      },
      "geometry": {
        "type": "LineString",
        "coordinates": [
          [
            135.7681255,
            35.0048819
          ],
          [
            135.7683412,
            35.0043809
          ],
          [
            135.7683717,
            35.0043233
          ],
          [
            135.7683904,
            35.0042938
          ]
        ]
      },
      "id": "way/102292295"
    },
    {
      "type": "Feature",
      "properties": {
        "@id": "way/103395745",
        "highway": "pedestrian",
        "source": "Bing, 2007-12"
      },
      "geometry": {
        "type": "LineString",
        "coordinates": [
          [
            135.7376449,
            35.0018864
          ],
          [
            135.7376456,
            35.0017657
          ],
          [
            135.7376471,
            35.0015229
          ],
          [
            135.7376479,
            35.0013896
          ],
          [
            135.7376493,
            35.0011538
          ],
          [
            135.7376508,
            35.0008996
          ],
          [
            135.7376523,
            35.000643
          ],
          [
            135.7376539,
            35.0003855
          ],
          [
            135.7376551,
            35.0001875
          ],
          [
            135.7376563,
            34.9999828
          ]
        ]
      },
      "id": "way/103395745"
    },
    {
      "type": "Feature",
      "properties": {
        "@id": "way/112550267",
        "highway": "pedestrian",
        "surface": "asphalt"
      },
      "geometry": {
        "type": "LineString",
        "coordinates": [
          [
            135.7667577,
            34.9888322
          ],
          [
            135.7667491,
            34.9888549
          ],
          [
            135.7667481,
            34.9890247
          ],
          [
            135.7667235,
            34.9892221
          ]
        ]
      },
      "id": "way/112550267"
    },
    {
      "type": "Feature",
      "properties": {
        "@id": "way/160731915",
        "abutters": "retail",
        "bicycle": "yes",
        "covered": "yes",
        "foot": "no",
        "highway": "pedestrian",
        "lit": "no",
        "maxspeed": "30",
        "motor_vehicle": "no",
        "motor_vehicle:conditional": "yes @ (21:00-14:00)",
        "motorcar": "no",
        "name": "京都三条会商店街",
        "name:en": "Kyoto Sanjo Shopping Street",
        "oneway": "yes",
        "oneway:bicycle": "no",
        "source": "Bing",
        "surface": "asphalt"
      },
      "geometry": {
        "type": "LineString",
        "coordinates": [
          [
            135.7516637,
            35.0085553
          ],
          [
            135.7515325,
            35.0085565
          ],
          [
            135.7515163,
            35.0085566
          ]
        ]
      },
      "id": "way/160731915"
    },
    {
      "type": "Feature",
      "properties": {
        "@id": "way/160732075",
        "highway": "pedestrian",
        "source": "Bing"
      },
      "geometry": {
        "type": "LineString",
        "coordinates": [
          [
            135.767001,
            34.9870182
          ],
          [
            135.7670036,
            34.987066
          ],
          [
            135.7669637,
            34.9871812
          ],
          [
            135.7668003,
            34.9877547
          ],
          [
            135.7667759,
            34.9877759
          ],
          [
            135.7667552,
            34.9877996
          ],
          [
            135.7667387,
            34.9878254
          ],
          [
            135.7667267,
            34.9878528
          ],
          [
            135.7667193,
            34.9878813
          ],
          [
            135.7667168,
            34.9879104
          ]
        ]
      },
      "id": "way/160732075"
    },
    {
      "type": "Feature",
      "properties": {
        "@id": "way/183365666",
        "highway": "pedestrian"
      },
      "geometry": {
        "type": "LineString",
        "coordinates": [
          [
            135.766069,
            34.98884
          ],
          [
            135.7667491,
            34.9888549
          ]
        ]
      },
      "id": "way/183365666"
    },
    {
      "type": "Feature",
      "properties": {
        "@id": "way/201373925",
        "highway": "service",
        "motor_vehicle": "no",
        "service": "alley",
        "source": "Bing"
      },
      "geometry": {
        "type": "LineString",
        "coordinates": [
          [
            135.7483434,
            34.9949246
          ],
          [
            135.7481123,
            34.9949234
          ]
        ]
      },
      "id": "way/201373925"
    },
    {
      "type": "Feature",
      "properties": {
        "@id": "way/260545637",
        "highway": "service",
        "motor_vehicle": "no",
        "service": "alley",
        "source": "Bing, 2012-7"
      },
      "geometry": {
        "type": "LineString",
        "coordinates": [
          [
            135.7491573,
            34.9947449
          ],
          [
            135.7491203,
            34.9947465
          ],
          [
            135.749081,
            34.9947462
          ],
          [
            135.7488412,
            34.9947446
          ],
          [
            135.7488405,
            34.9948639
          ],
          [
            135.7485619,
            34.9948629
          ],
          [
            135.7485615,
            34.9949282
          ]
        ]
      },
      "id": "way/260545637"
    },
    {
      "type": "Feature",
      "properties": {
        "@id": "way/290375272",
        "bus": "yes",
        "highway": "service",
        "motor_vehicle": "no",
        "service": "parking_aisle",
        "surface": "asphalt"
      },
      "geometry": {
        "type": "LineString",
        "coordinates": [
          [
            135.742796,
            34.9879811
          ],
          [
            135.7430767,
            34.987893
          ],
          [
            135.7429884,
            34.9881732
          ]
        ]
      },
      "id": "way/290375272"
    },
    {
      "type": "Feature",
      "properties": {
        "@id": "way/345711209",
        "highway": "footway",
        "horse": "no",
        "motor_vehicle": "no"
      },
      "geometry": {
        "type": "LineString",
        "coordinates": [
          [
            135.7630138,
            34.9849405
          ],
          [
            135.7629986,
            34.9850414
          ],
          [
            135.7629158,
            34.9850286
          ],
          [
            135.7628453,
            34.9849999
          ],
          [
            135.7627637,
            34.9849436
          ],
          [
            135.7627428,
            34.9849571
          ]
        ]
      },
      "id": "way/345711209"
    },
    {
      "type": "Feature",
      "properties": {
        "@id": "way/347484309",
        "bicycle": "designated",
        "bicycle_road": "yes",
        "highway": "cycleway",
        "lanes": "2",
        "surface": "asphalt",
        "vehicle": "no"
      },
      "geometry": {
        "type": "LineString",
        "coordinates": [
          [
            135.7489745,
            34.9893105
          ],
          [
            135.7489592,
            34.9893059
          ],
          [
            135.748934,
            34.9893058
          ],
          [
            135.7488459,
            34.9893026
          ],
          [
            135.7487164,
            34.9892991
          ],
          [
            135.7485656,
            34.9892939
          ],
          [
            135.7484617,
            34.989272
          ],
          [
            135.7482964,
            34.9892667
          ],
          [
            135.7479138,
            34.9892532
          ],
          [
            135.7477052,
            34.9892614
          ],
          [
            135.7476689,
            34.9892628
          ],
          [
            135.7476398,
            34.9892614
          ],
          [
            135.7476201,
            34.9892597
          ],
          [
            135.7475831,
            34.9892488
          ],
          [
            135.7472066,
            34.9892453
          ],
          [
            135.7469842,
            34.9892418
          ],
          [
            135.7468028,
            34.9892393
          ],
          [
            135.7466349,
            34.9892429
          ],
          [
            135.7463299,
            34.9892505
          ],
          [
            135.7461914,
            34.9892623
          ],
          [
            135.7461843,
            34.9892625
          ],
          [
            135.746113,
            34.9892642
          ],
          [
            135.7460668,
            34.9892737
          ],
          [
            135.7460206,
            34.9892747
          ],
          [
            135.7459398,
            34.989276
          ],
          [
            135.7459059,
            34.9892658
          ],
          [
            135.7458913,
            34.9892655
          ],
          [
            135.7458338,
            34.9892641
          ],
          [
            135.7454947,
            34.9892737
          ],
          [
            135.7453758,
            34.9892799
          ],
          [
            135.7453576,
            34.9892809
          ],
          [
            135.7452097,
            34.9892833
          ],
          [
            135.7451509,
            34.9892792
          ],
          [
            135.7451209,
            34.9892756
          ],
          [
            135.7450616,
            34.9892663
          ],
          [
            135.7445186,
            34.9892593
          ],
          [
            135.7440043,
            34.9892517
          ],
          [
            135.7438937,
            34.9892607
          ],
          [
            135.7438595,
            34.98926
          ],
          [
            135.743799,
            34.9892589
          ],
          [
            135.7434907,
            34.9892558
          ],
          [
            135.7433903,
            34.9892556
          ],
          [
            135.7431859,
            34.9892531
          ]
        ]
      },
      "id": "way/347484309"
    },
    {
      "type": "Feature",
      "properties": {
        "@id": "way/402139058",
        "highway": "pedestrian"
      },
      "geometry": {
        "type": "LineString",
        "coordinates": [
          [
            135.7632956,
            34.9877596
          ],
          [
            135.7628939,
            34.9877686
          ]
        ]
      },
      "id": "way/402139058"
    },
    {
      "type": "Feature",
      "properties": {
        "@id": "way/465069400",
        "abutters": "retail",
        "bicycle": "dismount",
        "covered": "yes",
        "foot": "yes",
        "highway": "pedestrian",
        "motor_vehicle": "no",
        "name": "三条通",
        "name:en": "Sanjo Street",
        "name:ja": "三条通",
        "surface": "paving_stones"
      },
      "geometry": {
        "type": "LineString",
        "coordinates": [
          [
            135.7687282,
            35.0087869
          ],
          [
            135.7674435,
            35.0087052
          ],
          [
            135.7671447,
            35.0086862
          ]
        ]
      },
      "id": "way/465069400"
    },
    {
      "type": "Feature",
      "properties": {
        "@id": "way/465069402",
        "abutters": "retail",
        "bicycle": "dismount",
        "highway": "pedestrian",
        "name": "三条通",
        "name:en": "Sanjo Street",
        "name:ja": "三条通",
        "smoothness": "excellent",
        "surface": "paving_stones"
      },
      "geometry": {
        "type": "LineString",
        "coordinates": [
          [
            135.7688066,
            35.0087919
          ],
          [
            135.7687282,
            35.0087869
          ]
        ]
      },
      "id": "way/465069402"
    },
    {
      "type": "Feature",
      "properties": {
        "@id": "way/481603639",
        "highway": "pedestrian",
        "surface": "asphalt"
      },
      "geometry": {
        "type": "LineString",
        "coordinates": [
          [
            135.7669576,
            35.0082818
          ],
          [
            135.7674502,
            35.0082718
          ]
        ]
      },
      "id": "way/481603639"
    },
    {
      "type": "Feature",
      "properties": {
        "@id": "way/481603640",
        "abutters": "retail",
        "bicycle": "dismount",
        "highway": "pedestrian",
        "name": "三条通",
        "name:en": "Sanjo Street",
        "name:ja": "三条通",
        "surface": "paving_stones"
      },
      "geometry": {
        "type": "LineString",
        "coordinates": [
          [
            135.7671447,
            35.0086862
          ],
          [
            135.7670584,
            35.0086499
          ]
        ]
      },
      "id": "way/481603640"
    },
    {
      "type": "Feature",
      "properties": {
        "@id": "way/481603641",
        "abutters": "retail",
        "bicycle": "dismount",
        "bicycle:conditional": "yes @ (00:00-10:00)",
        "covered": "yes",
        "foot": "yes",
        "highway": "pedestrian",
        "lit": "yes",
        "motor_vehicle": "no",
        "motor_vehicle:conditional": "yes @ (00:00-10:00)",
        "name": "寺町通",
        "name:en": "Teramachi Street",
        "name:fr": "Rue Teramachi",
        "name:ja": "寺町通",
        "name:ja-Hira": "てらまちどおり",
        "name:ja-Latn": "Teramachi-dōri",
        "name:ru": "Тэрамати улица",
        "oneway": "yes",
        "oneway:bicycle": "no",
        "oneway:conditional": "no @ (10:00-00:00)",
        "surface": "paving_stones",
        "tourism": "attraction",
        "wikidata": "Q7701558",
        "wikipedia": "ja:寺町通"
      },
      "geometry": {
        "type": "LineString",
        "coordinates": [
          [
            135.7668751,
            35.0037162
          ],
          [
            135.7668712,
            35.0037954
          ],
          [
            135.7668677,
            35.0041628
          ],
          [
            135.7668645,
            35.0045101
          ],
          [
            135.7668635,
            35.0046158
          ],
          [
            135.7668616,
            35.0048238
          ],
          [
            135.7668613,
            35.0050292
          ],
          [
            135.7668716,
            35.0055906
          ],
          [
            135.7668803,
            35.005871
          ],
          [
            135.7668879,
            35.0061916
          ],
          [
            135.7669049,
            35.0067959
          ],
          [
            135.7669188,
            35.0073701
          ],
          [
            135.7669321,
            35.0077153
          ],
          [
            135.7669576,
            35.0082818
          ],
          [
            135.7669633,
            35.0085457
          ],
          [
            135.7670222,
            35.0086111
          ]
        ]
      },
      "id": "way/481603641"
    },
    {
      "type": "Feature",
      "properties": {
        "@id": "way/493903705",
        "access": "customers",
        "bicycle": "customers",
        "highway": "footway",
        "horse": "no",
        "lit": "yes",
        "motor_vehicle": "no",
        "surface": "sett"
      },
      "geometry": {
        "type": "LineString",
        "coordinates": [
          [
            135.7572582,
            35.0090734
          ],
          [
            135.7575518,
            35.0090738
          ]
        ]
      },
      "id": "way/493903705"
    },
    {
      "type": "Feature",
      "properties": {
        "@id": "way/542888379",
        "alt_name:ru": "Сайсэки Дори улица",
        "bus": "no",
        "hgv": "no",
        "highway": "pedestrian",
        "lanes": "1",
        "minibus": "yes",
        "motor_vehicle": "yes",
        "name": "西石垣通",
        "name:en": "Saiseki Street",
        "name:fr": "Rue Saiseki",
        "name:ja": "西石垣通",
        "name:ja-Hira": "さいせきどおり",
        "name:ja-Latn": "Saiseki-dōri",
        "name:ru": "Сайсэки улица",
        "oneway": "yes",
        "oneway:bicycle": "no",
        "surface": "paving_stones"
      },
      "geometry": {
        "type": "LineString",
        "coordinates": [
          [
            135.7710153,
            35.0038155
          ],
          [
            135.7709852,
            35.0037251
          ],
          [
            135.7709243,
            35.003521
          ],
          [
            135.7708838,
            35.0033935
          ],
          [
            135.7707889,
            35.003167
          ],
          [
            135.7706373,
            35.002763
          ],
          [
            135.7705612,
            35.0026868
          ]
        ]
      },
      "id": "way/542888379"
    },
    {
      "type": "Feature",
      "properties": {
        "@id": "way/542888416",
        "alt_name:ru": "Понто тё Дори улица",
        "bicycle": "dismount",
        "foot": "yes",
        "highway": "pedestrian",
        "horse": "no",
        "lit": "yes",
        "motor_vehicle": "no",
        "name": "先斗町通",
        "name:en": "Pontochō Alley",
        "name:fr": "Rue Pontochō",
        "name:ja-Hira": "ぽんとちょうどおり",
        "name:ja-Latn": "Pontochō-dōri",
        "name:ru": "Понто тё улица",
        "smoothness": "excellent",
        "surface": "paving_stones",
        "wikidata": "Q536881"
      },
      "geometry": {
        "type": "LineString",
        "coordinates": [
          [
            135.7710341,
            35.0038967
          ],
          [
            135.7710348,
            35.0040099
          ],
          [
            135.7710564,
            35.0041232
          ],
          [
            135.7710657,
            35.0041724
          ],
          [
            135.7710754,
            35.0042235
          ],
          [
            135.7711001,
            35.0043905
          ],
          [
            135.7711004,
            35.0044418
          ],
          [
            135.7711007,
            35.004505
          ],
          [
            135.7711015,
            35.00464
          ],
          [
            135.7711019,
            35.0047171
          ],
          [
            135.7710955,
            35.0048742
          ],
          [
            135.7710957,
            35.0049789
          ],
          [
            135.7710959,
            35.0050539
          ],
          [
            135.771096,
            35.0051294
          ],
          [
            135.7710962,
            35.0051999
          ],
          [
            135.7710951,
            35.0052821
          ],
          [
            135.7710946,
            35.0053417
          ],
          [
            135.7710934,
            35.0054875
          ],
          [
            135.7710927,
            35.0055763
          ],
          [
            135.7710914,
            35.0056788
          ],
          [
            135.7710902,
            35.0057804
          ],
          [
            135.7710892,
            35.0058876
          ],
          [
            135.7710882,
            35.0059966
          ],
          [
            135.7710878,
            35.0060449
          ],
          [
            135.771087,
            35.0060994
          ],
          [
            135.7710855,
            35.006205
          ],
          [
            135.771082,
            35.0062179
          ],
          [
            135.7710822,
            35.0062882
          ],
          [
            135.7710746,
            35.0065997
          ],
          [
            135.7710709,
            35.0067277
          ],
          [
            135.7710657,
            35.0069053
          ],
          [
            135.7710633,
            35.0069895
          ],
          [
            135.7710611,
            35.0070649
          ],
          [
            135.7710592,
            35.0071309
          ],
          [
            135.7710571,
            35.0071922
          ],
          [
            135.7710553,
            35.0072452
          ],
          [
            135.7710516,
            35.0073507
          ],
          [
            135.7710492,
            35.0074198
          ],
          [
            135.7710481,
            35.0074526
          ],
          [
            135.771048,
            35.0074632
          ],
          [
            135.7710474,
            35.0075083
          ],
          [
            135.7710468,
            35.0075533
          ],
          [
            135.7710399,
            35.0080674
          ]
        ]
      },
      "id": "way/542888416"
    },
    {
      "type": "Feature",
      "properties": {
        "@id": "way/543097481",
        "highway": "pedestrian",
        "source": "Bing"
      },
      "geometry": {
        "type": "LineString",
        "coordinates": [
          [
            135.7667168,
            34.9879104
          ],
          [
            135.7667286,
            34.9880425
          ],
          [
            135.7667715,
            34.9882759
          ],
          [
            135.7667577,
            34.9888322
          ]
        ]
      },
      "id": "way/543097481"
    },
    {
      "type": "Feature",
      "properties": {
        "@id": "way/546592577",
        "bicycle": "yes",
        "bridge": "yes",
        "bridge:name": "万寿寺橋",
        "bridge:name:en": "Manjuuji Bridge",
        "bridge:name:fr": "Pont Manjuuji",
        "bridge:name:ja-Hira": "まんじゅうじばし",
        "bridge:name:ja-Latn": "Manjuuji-bashi",
        "foot": "yes",
        "highway": "unclassified",
        "layer": "1",
        "motor_vehicle": "yes",
        "motor_vehicle:conditional": "no @ Su,PH 08:00-18:00",
        "noname": "yes"
      },
      "geometry": {
        "type": "LineString",
        "coordinates": [
          [
            135.767746,
            34.9975922
          ],
          [
            135.7676779,
            34.9976004
          ]
        ]
      },
      "id": "way/546592577"
    },
    {
      "type": "Feature",
      "properties": {
        "@id": "way/546592581",
        "bicycle": "yes",
        "foot": "yes",
        "highway": "unclassified",
        "motor_vehicle": "yes",
        "motor_vehicle:conditional": "no @ Su,PH 08:00-18:00"
      },
      "geometry": {
        "type": "LineString",
        "coordinates": [
          [
            135.7676779,
            34.9976004
          ],
          [
            135.767614,
            34.9976026
          ]
        ]
      },
      "id": "way/546592581"
    },
    {
      "type": "Feature",
      "properties": {
        "@id": "way/551655091",
        "highway": "pedestrian",
        "name": "蛸薬師通",
        "name:en": "Takoyakushi-dori"
      },
      "geometry": {
        "type": "LineString",
        "coordinates": [
          [
            135.7671823,
            35.0058999
          ],
          [
            135.7672992,
            35.0058997
          ],
          [
            135.7673104,
            35.0058997
          ],
          [
            135.7683127,
            35.0058718
          ],
          [
            135.7691021,
            35.0058608
          ],
          [
            135.7691997,
            35.0058592
          ]
        ]
      },
      "id": "way/551655091"
    },
    {
      "type": "Feature",
      "properties": {
        "@id": "way/608997169",
        "bicycle": "yes",
        "foot": "yes",
        "highway": "unclassified",
        "motor_vehicle": "yes",
        "motor_vehicle:conditional": "no @ Su,PH 08:00-18:00"
      },
      "geometry": {
        "type": "LineString",
        "coordinates": [
          [
            135.7677909,
            34.9975855
          ],
          [
            135.7677559,
            34.9975907
          ],
          [
            135.767746,
            34.9975922
          ]
        ]
      },
      "id": "way/608997169"
    },
    {
      "type": "Feature",
      "properties": {
        "@id": "way/609140291",
        "alt_name:en": "Nishi Kiyamachi dori Street",
        "alt_name:ru": "Ниси Киямати Дори улица",
        "bicycle": "yes",
        "foot": "yes",
        "highway": "footway",
        "motor_vehicle": "no",
        "name": "西木屋町通",
        "name:en": "Nishi Kiyamachi Street",
        "name:ja": "西木屋町通",
        "name:ja-Hira": "にしきやまちどおり",
        "name:ja-Latn": "Nishi Kiyamachi dōri",
        "name:ru": "Ниси Киямати улица",
        "source": "local knowledge",
        "source:geometry": "GSImaps/std",
        "surface": "paved",
        "wheelchair": "yes"
      },
      "geometry": {
        "type": "LineString",
        "coordinates": [
          [
            135.767614,
            34.9976026
          ],
          [
            135.7676267,
            34.9975771
          ],
          [
            135.7676279,
            34.9975421
          ],
          [
            135.7676181,
            34.9973942
          ],
          [
            135.7675814,
            34.9971281
          ],
          [
            135.7675404,
            34.9968832
          ],
          [
            135.7674295,
            34.9963682
          ]
        ]
      },
      "id": "way/609140291"
    },
    {
      "type": "Feature",
      "properties": {
        "@id": "way/609149376",
        "alt_name:en": "Nishi Kiyamachi dori Street",
        "alt_name:ru": "Ниси Киямати Дори улица",
        "bicycle": "yes",
        "foot": "yes",
        "highway": "footway",
        "motor_vehicle": "no",
        "name": "西木屋町通 (Nishi Kiyamachi-dori)",
        "name:en": "Nishi Kiyamachi Street",
        "name:ja": "西木屋町通",
        "name:ja-Hira": "にしきやまちどおり",
        "name:ja-Latn": "Nishi Kiyamachi dōri",
        "name:ru": "Ниси Киямати улица",
        "surface": "paved"
      },
      "geometry": {
        "type": "LineString",
        "coordinates": [
          [
            135.7674141,
            34.9963359
          ],
          [
            135.7674165,
            34.9962725
          ]
        ]
      },
      "id": "way/609149376"
    },
    {
      "type": "Feature",
      "properties": {
        "@id": "way/609149379",
        "alt_name:en": "Nishi Kiyamachi dori Street",
        "alt_name:ru": "Ниси Киямати Дори улица",
        "bicycle": "yes",
        "foot": "yes",
        "highway": "steps",
        "motor_vehicle": "no",
        "name": "西木屋町通 (Nishi Kiyamachi-dori)",
        "name:en": "Nishi Kiyamachi Street",
        "name:ja": "西木屋町通",
        "name:ja-Hira": "にしきやまちどおり",
        "name:ja-Latn": "Nishi Kiyamachi dōri",
        "name:ru": "Ниси Киямати улица",
        "surface": "paved"
      },
      "geometry": {
        "type": "LineString",
        "coordinates": [
          [
            135.7674295,
            34.9963682
          ],
          [
            135.7674141,
            34.9963359
          ]
        ]
      },
      "id": "way/609149379"
    },
    {
      "type": "Feature",
      "properties": {
        "@id": "way/625917359",
        "bicycle": "dismount",
        "bicycle:conditional": "yes @ (00:00-10:00)",
        "foot": "yes",
        "highway": "pedestrian",
        "motor_vehicle": "no",
        "motor_vehicle:conditional": "yes @ (00:00-10:00)",
        "name": "三条通",
        "name:en": "Sanjo Street",
        "name:ja": "三条通",
        "oneway": "yes",
        "oneway:bicycle": "no",
        "oneway:conditional": "no @ (10:00-00:00)",
        "surface": "asphalt"
      },
      "geometry": {
        "type": "LineString",
        "coordinates": [
          [
            135.7670584,
            35.0086499
          ],
          [
            135.7664496,
            35.0086408
          ]
        ]
      },
      "id": "way/625917359"
    },
    {
      "type": "Feature",
      "properties": {
        "@id": "way/625917360",
        "abutters": "retail",
        "alt_name:en": "Teramachi dori street",
        "alt_name:ru": "Тэрамати Дори улица",
        "bicycle": "dismount",
        "bicycle:conditional": "yes @ (00:00-10:00)",
        "covered": "no",
        "foot": "yes",
        "highway": "pedestrian",
        "motor_vehicle": "no",
        "motor_vehicle:conditional": "yes @ (00:00-10:00)",
        "name": "寺町通",
        "name:en": "Teramachi Street",
        "name:fr": "Rue Teramachi",
        "name:ja": "寺町通",
        "name:ja-Hira": "てらまちどおり",
        "name:ja-Latn": "Teramachi dōri",
        "name:ru": "Тэрамати улица",
        "oneway": "yes",
        "oneway:conditional": "no @ (10:00-00:00)",
        "wikidata": "Q7701558"
      },
      "geometry": {
        "type": "LineString",
        "coordinates": [
          [
            135.7672091,
            35.0106117
          ],
          [
            135.7672101,
            35.0106489
          ],
          [
            135.7672129,
            35.0107752
          ]
        ]
      },
      "id": "way/625917360"
    },
    {
      "type": "Feature",
      "properties": {
        "@id": "way/625917362",
        "abutters": "retail",
        "alt_name:en": "Teramachi dori street",
        "alt_name:ru": "Тэрамати Дори улица",
        "bicycle": "dismount",
        "bicycle:conditional": "yes @ (00:00-10:00)",
        "covered": "yes",
        "foot": "yes",
        "highway": "pedestrian",
        "lit": "yes",
        "motor_vehicle": "no",
        "motor_vehicle:conditional": "yes @ (00:00-10:00)",
        "name": "寺町通",
        "name:en": "Teramachi Street",
        "name:fr": "Rue Teramachi",
        "name:ja": "寺町通",
        "name:ja-Hira": "てらまちどおり",
        "name:ja-Latn": "Teramachi dōri",
        "name:ru": "Тэрамати улица",
        "oneway": "yes",
        "oneway:conditional": "no @ (10:00-00:00)",
        "smoothness": "excellent",
        "surface": "paving_stones",
        "wikidata": "Q7701558"
      },
      "geometry": {
        "type": "LineString",
        "coordinates": [
          [
            135.7671778,
            35.0088006
          ],
          [
            135.7671835,
            35.0091521
          ],
          [
            135.7671906,
            35.0095925
          ],
          [
            135.7671946,
            35.0098393
          ],
          [
            135.7672035,
            35.0103907
          ],
          [
            135.7672091,
            35.0106117
          ]
        ]
      },
      "id": "way/625917362"
    },
    {
      "type": "Feature",
      "properties": {
        "@id": "way/625917363",
        "abutters": "retail",
        "alt_name:en": "Teramachi dori street",
        "alt_name:ru": "Тэрамати Дори улица",
        "bicycle": "dismount",
        "bicycle:conditional": "yes @ (00:00-10:00)",
        "covered": "no",
        "foot": "yes",
        "highway": "pedestrian",
        "int_name": "Teramachi-dori",
        "motor_vehicle": "no",
        "motor_vehicle:conditional": "yes @ (00:00-10:00)",
        "name": "寺町通",
        "name:en": "Teramachi street",
        "name:ja": "寺町通",
        "name:ja-Hira": "てらまちどおり",
        "name:ja-Latn": "Teramachi dōri",
        "name:ru": "Тэрамати улица",
        "oneway": "yes",
        "oneway:conditional": "no @ (10:00-00:00)",
        "wikidata": "Q7701558"
      },
      "geometry": {
        "type": "LineString",
        "coordinates": [
          [
            135.7670222,
            35.0086111
          ],
          [
            135.7670584,
            35.0086499
          ]
        ]
      },
      "id": "way/625917363"
    },
    {
      "type": "Feature",
      "properties": {
        "@id": "way/625917364",
        "abutters": "retail",
        "alt_name:en": "Teramachi dori street",
        "alt_name:ru": "Тэрамати Дори улица",
        "bicycle": "dismount",
        "bicycle:conditional": "yes @ (00:00-10:00)",
        "covered": "no",
        "foot": "yes",
        "highway": "pedestrian",
        "motor_vehicle": "no",
        "motor_vehicle:conditional": "yes @ (00:00-10:00)",
        "name": "寺町通",
        "name:en": "Teramachi street",
        "name:ja": "寺町通",
        "name:ja-Hira": "てらまちどおり",
        "name:ja-Latn": "Teramachi dōri",
        "name:ru": "Тэрамати улица",
        "oneway": "yes",
        "oneway:conditional": "no @ (10:00-00:00)",
        "wikidata": "Q7701558"
      },
      "geometry": {
        "type": "LineString",
        "coordinates": [
          [
            135.7670584,
            35.0086499
          ],
          [
            135.7671776,
            35.0087894
          ],
          [
            135.7671778,
            35.0088006
          ]
        ]
      },
      "id": "way/625917364"
    },
    {
      "type": "Feature",
      "properties": {
        "@id": "way/625917366",
        "abutters": "retail",
        "alt_name": "三条通",
        "alt_name:en": "Sanjo Street",
        "alt_name:ja-Hira": "さんじょうどおり",
        "bicycle": "yes",
        "covered": "yes",
        "foot": "yes",
        "highway": "pedestrian",
        "lit": "no",
        "maxspeed": "30",
        "motor_vehicle": "no",
        "motor_vehicle:conditional": "yes @ (21:00-14:00)",
        "motorcar": "no",
        "name": "京都三条会商店街",
        "name:en": "Kyoto Sanjo Shopping Street",
        "oneway:bicycle": "no",
        "source": "Bing",
        "surface": "asphalt"
      },
      "geometry": {
        "type": "LineString",
        "coordinates": [
          [
            135.7514882,
            35.0085568
          ],
          [
            135.7511121,
            35.0085533
          ],
          [
            135.7504564,
            35.0085373
          ],
          [
            135.7497803,
            35.008518
          ],
          [
            135.7496611,
            35.0085145
          ],
          [
            135.7488812,
            35.0084862
          ],
          [
            135.7482919,
            35.0084836
          ],
          [
            135.7481972,
            35.0084832
          ],
          [
            135.7479947,
            35.0084819
          ],
          [
            135.7474904,
            35.0084788
          ],
          [
            135.7467463,
            35.0084865
          ],
          [
            135.7467,
            35.0084866
          ],
          [
            135.7464699,
            35.0084913
          ],
          [
            135.7461808,
            35.0084972
          ],
          [
            135.7461597,
            35.0084975
          ],
          [
            135.745506,
            35.0085094
          ],
          [
            135.7454654,
            35.0085102
          ],
          [
            135.7451025,
            35.0085174
          ],
          [
            135.7449368,
            35.0085207
          ],
          [
            135.7445464,
            35.0085284
          ],
          [
            135.7443757,
            35.0085317
          ],
          [
            135.7443364,
            35.0085325
          ],
          [
            135.744307,
            35.0085331
          ],
          [
            135.7441338,
            35.0085365
          ],
          [
            135.7438318,
            35.0085425
          ],
          [
            135.743395,
            35.0085511
          ],
          [
            135.7430328,
            35.0085583
          ]
        ]
      },
      "id": "way/625917366"
    },
    {
      "type": "Feature",
      "properties": {
        "@id": "way/625917367",
        "bicycle": "yes",
        "foot": "no",
        "highway": "pedestrian",
        "motor_vehicle": "no",
        "motor_vehicle:conditional": "yes @ (21:00-14:00)",
        "motorcar": "no",
        "name:en": "Sanjo Street",
        "name:ja": "三条通",
        "oneway": "yes",
        "oneway:bicycle": "no",
        "surface": "asphalt"
      },
      "geometry": {
        "type": "LineString",
        "coordinates": [
          [
            135.7429546,
            35.0085597
          ],
          [
            135.7426668,
            35.0085618
          ]
        ]
      },
      "id": "way/625917367"
    },
    {
      "type": "Feature",
      "properties": {
        "@id": "way/625917368",
        "abutters": "retail",
        "bicycle": "yes",
        "covered": "yes",
        "foot": "yes",
        "highway": "pedestrian",
        "lit": "no",
        "maxspeed": "30",
        "motor_vehicle": "no",
        "motor_vehicle:conditional": "yes @ (21:00-14:00)",
        "motorcar": "no",
        "name": "京都三条会商店街",
        "name:en": "Kyoto Sanjo Shopping Street",
        "oneway": "yes",
        "oneway:bicycle": "no",
        "source": "Bing"
      },
      "geometry": {
        "type": "LineString",
        "coordinates": [
          [
            135.7515163,
            35.0085566
          ],
          [
            135.7514882,
            35.0085568
          ]
        ]
      },
      "id": "way/625917368"
    },
    {
      "type": "Feature",
      "properties": {
        "@id": "way/699186482",
        "bicycle:conditional": "dismount @ (10:00-0:00)",
        "carriage:conditional": "no @ (10:00-0:00)",
        "foot": "yes",
        "highway": "pedestrian",
        "lit": "yes",
        "motor_vehicle:conditional": "no @ (10:00-0:00)",
        "name": "姉小路通",
        "name:en": "Aneyakoji Street",
        "name:fr": "Rue Aneyakōji",
        "name:ja": "姉小路通",
        "name:ja-Hira": "あねやこうじどおり",
        "name:ja-Latn": "Aneyakōji dōri",
        "oneway": "yes",
        "oneway:bicycle": "no",
        "smoothness": "good",
        "surface": "asphalt"
      },
      "geometry": {
        "type": "LineString",
        "coordinates": [
          [
            135.766458,
            35.0098467
          ],
          [
            135.7671946,
            35.0098393
          ]
        ]
      },
      "id": "way/699186482"
    },
    {
      "type": "Feature",
      "properties": {
        "@id": "way/828708951",
        "alt_name:en": "Nishi Kiyamachi dori Street",
        "alt_name:ru": "Ниси Киямати Дори улица",
        "bicycle": "yes",
        "foot": "yes",
        "highway": "service",
        "motor_vehicle": "yes",
        "motor_vehicle:conditional": "no @ Su,PH 08:00-18:00",
        "name": "西木屋町通",
        "name:en": "Nishi Kiyamachi Street",
        "name:ja": "西木屋町通",
        "name:ja-Hira": "にしきやまちどおり",
        "name:ja-Latn": "Nishi Kiyamachi dōri",
        "name:ru": "Ниси Киямати улица",
        "service": "alley",
        "source": "local knowledge",
        "source:geometry": "GSImaps/std",
        "surface": "paving_stones",
        "wheelchair": "yes",
        "width": "2.8"
      },
      "geometry": {
        "type": "LineString",
        "coordinates": [
          [
            135.7691013,
            35.0009936
          ],
          [
            135.7690775,
            35.0009463
          ],
          [
            135.7686149,
            35.0000028
          ],
          [
            135.7681051,
            34.9989697
          ],
          [
            135.7680976,
            34.9989544
          ],
          [
            135.768063,
            34.9989294
          ],
          [
            135.768039,
            34.998912
          ],
          [
            135.7680303,
            34.9988993
          ],
          [
            135.7680055,
            34.9988628
          ],
          [
            135.7680042,
            34.9988454
          ],
          [
            135.7679995,
            34.9987854
          ],
          [
            135.7679393,
            34.998667
          ],
          [
            135.767767,
            34.9983535
          ],
          [
            135.7677249,
            34.998251
          ],
          [
            135.7676688,
            34.9979884
          ],
          [
            135.7676548,
            34.9978584
          ],
          [
            135.7676223,
            34.9977196
          ],
          [
            135.7676101,
            34.9976618
          ],
          [
            135.7676081,
            34.997622
          ],
          [
            135.767614,
            34.9976026
          ]
        ]
      },
      "id": "way/828708951"
    },
    {
      "type": "Feature",
      "properties": {
        "@id": "way/828708953",
        "bicycle": "no",
        "foot": "yes",
        "highway": "footway",
        "motor_vehicle": "no",
        "surface": "paved"
      },
      "geometry": {
        "type": "LineString",
        "coordinates": [
          [
            135.7674165,
            34.9962725
          ],
          [
            135.7673759,
            34.9959806
          ]
        ]
      },
      "id": "way/828708953"
    },
    {
      "type": "Feature",
      "properties": {
        "@id": "way/843908918",
        "alt_name:en": "Ura teramachi dori street",
        "alt_name:ru": "Уратэрамати Дори улица",
        "bicycle:conditional": "dismount @ (13:00-0:00)",
        "carriage:conditional": "no @ (13:00-0:00)",
        "foot": "yes",
        "highway": "pedestrian",
        "motor_vehicle:conditional": "no @ (13:00-0:00)",
        "name": "裏寺町通",
        "name:en": "Ura teramachi street",
        "name:ja": "裏寺町通",
        "name:ja-Hira": "うらてらまちどおり",
        "name:ja-Latn": "Ura teramachi dōri",
        "name:ru": "Уратэрамати улица"
      },
      "geometry": {
        "type": "LineString",
        "coordinates": [
          [
            135.7683127,
            35.0058718
          ],
          [
            135.7683931,
            35.004893
          ],
          [
            135.7684113,
            35.0047187
          ],
          [
            135.7684169,
            35.0046926
          ],
          [
            135.7684214,
            35.0046775
          ],
          [
            135.7684308,
            35.0046613
          ],
          [
            135.768638,
            35.0043921
          ],
          [
            135.7686633,
            35.0043537
          ],
          [
            135.7686729,
            35.0043366
          ],
          [
            135.7686794,
            35.0043186
          ],
          [
            135.7686869,
            35.0042884
          ],
          [
            135.7686914,
            35.0042532
          ],
          [
            135.7687707,
            35.0042541
          ],
          [
            135.7687922,
            35.004248
          ],
          [
            135.7688009,
            35.0042381
          ],
          [
            135.7688048,
            35.0042188
          ],
          [
            135.7688183,
            35.0038519
          ],
          [
            135.7688193,
            35.0037574
          ]
        ]
      },
      "id": "way/843908918"
    },
    {
      "type": "Feature",
      "properties": {
        "@id": "way/891757326",
        "highway": "pedestrian",
        "layer": "-1",
        "level": "-1",
        "tunnel": "yes"
      },
      "geometry": {
        "type": "LineString",
        "coordinates": [
          [
            135.7597721,
            34.9872402
          ],
          [
            135.759775,
            34.9870247
          ]
        ]
      },
      "id": "way/891757326"
    },
    {
      "type": "Feature",
      "properties": {
        "@id": "way/891757327",
        "highway": "pedestrian",
        "layer": "-1",
        "level": "-1",
        "tunnel": "yes"
      },
      "geometry": {
        "type": "LineString",
        "coordinates": [
          [
            135.7596839,
            34.9870246
          ],
          [
            135.759775,
            34.9870247
          ],
          [
            135.7599565,
            34.9870254
          ]
        ]
      },
      "id": "way/891757327"
    },
    {
      "type": "Feature",
      "properties": {
        "@id": "way/891757332",
        "highway": "pedestrian",
        "layer": "-1",
        "level": "-1",
        "lit": "24/7",
        "tunnel": "yes"
      },
      "geometry": {
        "type": "LineString",
        "coordinates": [
          [
            135.7599565,
            34.9870254
          ],
          [
            135.7599839,
            34.9869105
          ],
          [
            135.7601964,
            34.9860221
          ],
          [
            135.7601975,
            34.9858808
          ],
          [
            135.7602046,
            34.9849724
          ],
          [
            135.7602053,
            34.984886
          ]
        ]
      },
      "id": "way/891757332"
    },
    {
      "type": "Feature",
      "properties": {
        "@id": "way/891757337",
        "highway": "pedestrian",
        "layer": "-1",
        "name": "地下自由通路",
        "name:en": "East Underground Walkway",
        "surface": "paving_stones",
        "tunnel": "yes"
      },
      "geometry": {
        "type": "LineString",
        "coordinates": [
          [
            135.7601991,
            34.98376
          ],
          [
            135.7601994,
            34.9837753
          ],
          [
            135.7602028,
            34.9839264
          ],
          [
            135.7602028,
            34.9839391
          ],
          [
            135.7602037,
            34.984395
          ],
          [
            135.7601975,
            34.9847491
          ],
          [
            135.7602053,
            34.984886
          ]
        ]
      },
      "id": "way/891757337"
    },
    {
      "type": "Feature",
      "properties": {
        "@id": "way/891757349",
        "highway": "pedestrian",
        "layer": "-1",
        "level": "-1",
        "lit": "24/7",
        "tunnel": "yes"
      },
      "geometry": {
        "type": "LineString",
        "coordinates": [
          [
            135.760024,
            34.9858833
          ],
          [
            135.7601087,
            34.9858813
          ],
          [
            135.7601975,
            34.9858808
          ]
        ]
      },
      "id": "way/891757349"
    },
    {
      "type": "Feature",
      "properties": {
        "@id": "way/891757350",
        "highway": "pedestrian",
        "level": "-1",
        "lit": "24/7",
        "tunnel": "yes"
      },
      "geometry": {
        "type": "LineString",
        "coordinates": [
          [
            135.7601087,
            34.9858813
          ],
          [
            135.7601087,
            34.9857991
          ]
        ]
      },
      "id": "way/891757350"
    },
    {
      "type": "Feature",
      "properties": {
        "@id": "way/891757353",
        "highway": "pedestrian",
        "level": "-1",
        "lit": "24/7",
        "surface": "asphalt",
        "tunnel": "yes"
      },
      "geometry": {
        "type": "LineString",
        "coordinates": [
          [
            135.7602046,
            34.9849724
          ],
          [
            135.7601722,
            34.9849724
          ]
        ]
      },
      "id": "way/891757353"
    },
    {
      "type": "Feature",
      "properties": {
        "@id": "way/891757355",
        "highway": "pedestrian",
        "layer": "-1",
        "level": "-1",
        "lit": "24/7",
        "surface": "paving_stones",
        "tunnel": "yes"
      },
      "geometry": {
        "type": "LineString",
        "coordinates": [
          [
            135.7596839,
            34.9870246
          ],
          [
            135.7597197,
            34.9868634
          ],
          [
            135.7599071,
            34.9860188
          ],
          [
            135.7599252,
            34.9859375
          ]
        ]
      },
      "id": "way/891757355"
    },
    {
      "type": "Feature",
      "properties": {
        "@id": "way/891757359",
        "highway": "pedestrian",
        "layer": "-1",
        "level": "-1",
        "lit": "24/7",
        "surface": "paving_stones",
        "tunnel": "yes"
      },
      "geometry": {
        "type": "LineString",
        "coordinates": [
          [
            135.7599071,
            34.9860188
          ],
          [
            135.7601964,
            34.9860221
          ]
        ]
      },
      "id": "way/891757359"
    },
    {
      "type": "Feature",
      "properties": {
        "@id": "way/891757361",
        "highway": "pedestrian",
        "layer": "-1",
        "level": "-1",
        "tunnel": "yes"
      },
      "geometry": {
        "type": "LineString",
        "coordinates": [
          [
            135.7599302,
            34.9869009
          ],
          [
            135.7599839,
            34.9869105
          ]
        ]
      },
      "id": "way/891757361"
    },
    {
      "type": "Feature",
      "properties": {
        "@id": "way/891757362",
        "highway": "pedestrian",
        "layer": "-1",
        "level": "-1",
        "lit": "24/7",
        "tunnel": "yes"
      },
      "geometry": {
        "type": "LineString",
        "coordinates": [
          [
            135.7597197,
            34.9868634
          ],
          [
            135.7597686,
            34.9868721
          ]
        ]
      },
      "id": "way/891757362"
    },
    {
      "type": "Feature",
      "properties": {
        "@id": "way/1148699441",
        "bicycle:conditional": "dismount @ (10:00-0:00)",
        "carriage:conditional": "no @ (10:00-0:00)",
        "foot": "yes",
        "highway": "pedestrian",
        "motor_vehicle:conditional": "no @ (10:00-0:00)",
        "name": "蛸薬師通",
        "name:en": "Takoyakushi-dori",
        "oneway": "yes",
        "oneway:bicycle": "no"
      },
      "geometry": {
        "type": "LineString",
        "coordinates": [
          [
            135.7668879,
            35.0061916
          ],
          [
            135.7663831,
            35.0061974
          ]
        ]
      },
      "id": "way/1148699441"
    },
    {
      "type": "Feature",
      "properties": {
        "@id": "way/1148699442",
        "alt_name:fr": "Rue de l'Hexagone",
        "bicycle:conditional": "dismount @ (10:00-0:00)",
        "carriage:conditional": "no @ (10:00-0:00)",
        "foot": "yes",
        "highway": "pedestrian",
        "lit": "yes",
        "motor_vehicle:conditional": "no @ (10:00-0:00)",
        "name": "六角通",
        "name:en": "Rokkaku Street",
        "name:es": "Calle Rokkaku",
        "name:etymology:wikidata": "Q599378",
        "name:fr": "Rue Rokkaku",
        "name:ja": "六角通",
        "name:ja-Hira": "ろっかくどおり",
        "name:ja-Latn": "Rokkaku-dōri",
        "oneway": "yes",
        "oneway:bicycle": "no",
        "wikidata": "Q11392557"
      },
      "geometry": {
        "type": "LineString",
        "coordinates": [
          [
            135.7664123,
            35.0073715
          ],
          [
            135.7669188,
            35.0073701
          ]
        ]
      },
      "id": "way/1148699442"
    },
    {
      "type": "Feature",
      "properties": {
        "@id": "way/1148700851",
        "bicycle:conditional": "dismount @ (12:00-18:00)",
        "carriage:conditional": "no @ (12:00-18:00)",
        "cycleway": "lane",
        "foot": "yes",
        "highway": "pedestrian",
        "motor_vehicle:conditional": "no @ (12:00-18:00)",
        "name": "高倉通",
        "name:en": "Takakura Street",
        "name:fr": "Rue Takakura",
        "name:ja": "高倉通",
        "name:ja-Hira": "たかくらどおり",
        "name:ja-Latn": "Takakura-dōri",
        "name:ru": "Такакура улица",
        "oneway": "yes",
        "oneway:bicycle": "no",
        "surface": "asphalt",
        "wikidata": "Q11668808"
      },
      "geometry": {
        "type": "LineString",
        "coordinates": [
          [
            135.7625917,
            35.0036758
          ],
          [
            135.7625919,
            35.0037668
          ],
          [
            135.7625812,
            35.0049536
          ],
          [
            135.7625809,
            35.0049984
          ]
        ]
      },
      "id": "way/1148700851"
    },
    {
      "type": "Feature",
      "properties": {
        "@id": "way/1148704344",
        "highway": "pedestrian"
      },
      "geometry": {
        "type": "LineString",
        "coordinates": [
          [
            135.7620992,
            34.9893431
          ],
          [
            135.7621027,
            34.9895773
          ]
        ]
      },
      "id": "way/1148704344"
    },
    {
      "type": "Feature",
      "properties": {
        "@id": "way/1148854935",
        "carriage:conditional": "no @ (10:00-0:00)",
        "foot": "yes",
        "highway": "pedestrian",
        "motor_vehicle:conditional": "no @ (10:00-0:00)",
        "noname": "yes"
      },
      "geometry": {
        "type": "LineString",
        "coordinates": [
          [
            135.7682639,
            35.0069758
          ],
          [
            135.7679227,
            35.0069905
          ],
          [
            135.7679224,
            35.0070927
          ]
        ]
      },
      "id": "way/1148854935"
    },
    {
      "type": "Feature",
      "properties": {
        "@id": "way/1164606432",
        "bus": "yes",
        "highway": "service",
        "motor_vehicle": "no",
        "oneway": "yes",
        "service": "parking_aisle",
        "surface": "asphalt"
      },
      "geometry": {
        "type": "LineString",
        "coordinates": [
          [
            135.7426075,
            34.9876816
          ],
          [
            135.742796,
            34.9879811
          ]
        ]
      },
      "id": "way/1164606432"
    },
    {
      "type": "Feature",
      "properties": {
        "@id": "way/1164606435",
        "bus": "yes",
        "highway": "service",
        "motor_vehicle": "no",
        "service": "parking_aisle",
        "surface": "asphalt"
      },
      "geometry": {
        "type": "LineString",
        "coordinates": [
          [
            135.743186,
            34.9877143
          ],
          [
            135.7431404,
            34.9878718
          ],
          [
            135.7430767,
            34.987893
          ]
        ]
      },
      "id": "way/1164606435"
    },
    {
      "type": "Feature",
      "properties": {
        "@id": "way/1213275447",
        "bicycle": "no",
        "bridge": "viaduct",
        "foot": "yes",
        "highway": "footway",
        "horse": "no",
        "layer": "3",
        "motor_vehicle": "no",
        "surface": "concrete"
      },
      "geometry": {
        "type": "LineString",
        "coordinates": [
          [
            135.7629052,
            34.9865267
          ],
          [
            135.7629051,
            34.9864607
          ]
        ]
      },
      "id": "way/1213275447"
    },
    {
      "type": "Feature",
      "properties": {
        "@id": "way/1213275448",
        "bicycle": "no",
        "bridge": "viaduct",
        "foot": "yes",
        "highway": "footway",
        "horse": "no",
        "layer": "3",
        "motor_vehicle": "no",
        "surface": "concrete"
      },
      "geometry": {
        "type": "LineString",
        "coordinates": [
          [
            135.763345,
            34.9870148
          ],
          [
            135.7634509,
            34.9870141
          ]
        ]
      },
      "id": "way/1213275448"
    },
    {
      "type": "Feature",
      "properties": {
        "@id": "way/1213275449",
        "bicycle": "no",
        "bridge": "viaduct",
        "foot": "yes",
        "highway": "footway",
        "horse": "no",
        "layer": "3",
        "motor_vehicle": "no",
        "surface": "concrete"
      },
      "geometry": {
        "type": "LineString",
        "coordinates": [
          [
            135.7635693,
            34.9864076
          ],
          [
            135.7635698,
            34.9863278
          ]
        ]
      },
      "id": "way/1213275449"
    },
    {
      "type": "Feature",
      "properties": {
        "@id": "way/1213275450",
        "bicycle": "no",
        "bridge": "viaduct",
        "foot": "yes",
        "highway": "footway",
        "horse": "no",
        "layer": "3",
        "motor_vehicle": "no",
        "surface": "concrete"
      },
      "geometry": {
        "type": "LineString",
        "coordinates": [
          [
            135.7634643,
            34.9862739
          ],
          [
            135.7633331,
            34.9862744
          ]
        ]
      },
      "id": "way/1213275450"
    },
    {
      "type": "Feature",
      "properties": {
        "@id": "way/1213280332",
        "bicycle": "no",
        "bridge": "viaduct",
        "foot": "yes",
        "highway": "footway",
        "horse": "no",
        "layer": "2",
        "motor_vehicle": "no",
        "surface": "concrete"
      },
      "geometry": {
        "type": "LineString",
        "coordinates": [
          [
            135.7658316,
            34.9858384
          ],
          [
            135.7660983,
            34.9858377
          ]
        ]
      },
      "id": "way/1213280332"
    },
    {
      "type": "Feature",
      "properties": {
        "@id": "way/1213280333",
        "bicycle": "no",
        "bridge": "viaduct",
        "foot": "yes",
        "highway": "footway",
        "horse": "no",
        "layer": "2",
        "motor_vehicle": "no",
        "surface": "concrete"
      },
      "geometry": {
        "type": "LineString",
        "coordinates": [
          [
            135.7664309,
            34.9858403
          ],
          [
            135.7667174,
            34.9858384
          ]
        ]
      },
      "id": "way/1213280333"
    },
    {
      "type": "Feature",
      "properties": {
        "@id": "way/1269851726",
        "alt_name": "立誠緯26号線",
        "highway": "pedestrian",
        "official_ref": "0412125",
        "service": "driveway",
        "source": "GSImaps/std"
      },
      "geometry": {
        "type": "LineString",
        "coordinates": [
          [
            135.7668677,
            35.0041628
          ],
          [
            135.7671913,
            35.0041613
          ]
        ]
      },
      "id": "way/1269851726"
    },
    {
      "type": "Feature",
      "properties": {
        "@id": "way/1296608986",
        "highway": "pedestrian"
      },
      "geometry": {
        "type": "LineString",
        "coordinates": [
          [
            135.7394962,
            34.9952812
          ],
          [
            135.7394963,
            34.9951652
          ],
          [
            135.7395481,
            34.9951652
          ],
          [
            135.7395481,
            34.9951992
          ],
          [
            135.739586,
            34.9951992
          ],
          [
            135.739586,
            34.9952258
          ],
          [
            135.7396193,
            34.9952259
          ],
          [
            135.7396193,
            34.995254
          ],
          [
            135.7396572,
            34.995254
          ],
          [
            135.7396572,
            34.9952813
          ],
          [
            135.7394962,
            34.9952812
          ]
        ]
      },
      "id": "way/1296608986"
    },
    {
      "type": "Feature",
      "properties": {
        "@id": "way/1466928059",
        "bridge": "yes",
        "highway": "pedestrian",
        "layer": "1",
        "noname": "yes",
        "surface": "concrete"
      },
      "geometry": {
        "type": "LineString",
        "coordinates": [
          [
            135.7654735,
            34.9932188
          ],
          [
            135.7655501,
            34.9932155
          ],
          [
            135.7655502,
            34.9932353
          ],
          [
            135.7655504,
            34.9932515
          ],
          [
            135.7655437,
            34.9932569
          ],
          [
            135.7655353,
            34.9932608
          ],
          [
            135.7655266,
            34.9932641
          ],
          [
            135.7655135,
            34.9932661
          ],
          [
            135.7655014,
            34.9932663
          ],
          [
            135.7654924,
            34.9932641
          ],
          [
            135.7654827,
            34.9932594
          ],
          [
            135.7654768,
            34.9932542
          ],
          [
            135.7654754,
            34.9932397
          ],
          [
            135.7654735,
            34.9932188
          ]
        ]
      },
      "id": "way/1466928059"
    },
    {
      "type": "Feature",
      "properties": {
        "@id": "way/159160721",
        "@relations": [
          {
            "role": "from",
            "rel": 16454726,
            "reltags": {
              "restriction": "only_left_turn",
              "type": "restriction"
            }
          }
        ]
      },
      "geometry": {
        "type": "LineString",
        "coordinates": [
          [
            135.7641785,
            34.9857413
          ],
          [
            135.764177,
            34.9857809
          ],
          [
            135.764166,
            34.9860736
          ],
          [
            135.7641536,
            34.9861982
          ],
          [
            135.7641381,
            34.9863158
          ],
          [
            135.7641338,
            34.9863611
          ],
          [
            135.7641326,
            34.9864088
          ],
          [
            135.7641272,
            34.9865832
          ],
          [
            135.7641109,
            34.9870025
          ],
          [
            135.76411,
            34.9870688
          ],
          [
            135.7641095,
            34.987105
          ],
          [
            135.7640954,
            34.9871331
          ],
          [
            135.7640756,
            34.9871705
          ],
          [
            135.7640477,
            34.9872031
          ],
          [
            135.7639979,
            34.9872448
          ]
        ]
      },
      "id": "way/159160721"
    },
    {
      "type": "Feature",
      "properties": {
        "@id": "way/903981752",
        "@relations": [
          {
            "role": "to",
            "rel": 4778109,
            "reltags": {
              "restriction": "only_left_turn",
              "type": "restriction"
            }
          }
        ]
      },
      "geometry": {
        "type": "LineString",
        "coordinates": [
          [
            135.7319941,
            35.0035522
          ],
          [
            135.732234,
            35.0035576
          ],
          [
            135.7327011,
            35.003565
          ],
          [
            135.7332076,
            35.0035792
          ],
          [
            135.7335425,
            35.0035816
          ],
          [
            135.7335564,
            35.0035817
          ],
          [
            135.7336138,
            35.0035821
          ],
          [
            135.7336678,
            35.0035825
          ],
          [
            135.7336892,
            35.0035827
          ],
          [
            135.7337016,
            35.0035828
          ],
          [
            135.7340367,
            35.0035852
          ],
          [
            135.7341,
            35.0035856
          ],
          [
            135.7345892,
            35.0035891
          ],
          [
            135.7350365,
            35.0035924
          ],
          [
            135.7359549,
            35.0036028
          ],
          [
            135.7360915,
            35.0036044
          ]
        ]
      },
      "id": "way/903981752"
    },
    {
      "type": "Feature",
      "properties": {
        "@id": "way/531353909",
        "@relations": [
          {
            "role": "to",
            "rel": 4778109,
            "reltags": {
              "restriction": "only_left_turn",
              "type": "restriction"
            }
          }
        ]
      },
      "geometry": {
        "type": "LineString",
        "coordinates": [
          [
            135.7360915,
            35.0036044
          ],
          [
            135.73623,
            35.0036046
          ],
          [
            135.7364582,
            35.0036049
          ],
          [
            135.7366913,
            35.0036052
          ],
          [
            135.7370242,
            35.0036056
          ],
          [
            135.7371439,
            35.0036058
          ],
          [
            135.737428,
            35.0036061
          ],
          [
            135.7374869,
            35.0036062
          ],
          [
            135.7376414,
            35.0036064
          ],
          [
            135.7377149,
            35.0036065
          ],
          [
            135.7384253,
            35.0036074
          ],
          [
            135.7386533,
            35.0036077
          ],
          [
            135.7390313,
            35.0036082
          ],
          [
            135.7393221,
            35.0036086
          ],
          [
            135.7394023,
            35.0036087
          ],
          [
            135.7394861,
            35.0036088
          ],
          [
            135.7404465,
            35.00361
          ],
          [
            135.7406993,
            35.0036103
          ],
          [
            135.7416116,
            35.0036115
          ],
          [
            135.7426332,
            35.0036044
          ],
          [
            135.742703,
            35.003606
          ],
          [
            135.7430384,
            35.0036043
          ],
          [
            135.7436492,
            35.0035833
          ],
          [
            135.7438488,
            35.0035831
          ],
          [
            135.7443058,
            35.0035752
          ],
          [
            135.7443922,
            35.0035792
          ],
          [
            135.7444806,
            35.0035743
          ],
          [
            135.7446829,
            35.0035729
          ],
          [
            135.744954,
            35.0035753
          ],
          [
            135.7452168,
            35.0035718
          ],
          [
            135.7455821,
            35.0035715
          ],
          [
            135.7458205,
            35.0035795
          ],
          [
            135.7459825,
            35.0035728
          ],
          [
            135.7461345,
            35.0035738
          ],
          [
            135.7462629,
            35.0035778
          ],
          [
            135.7466577,
            35.003592
          ],
          [
            135.746881,
            35.0036007
          ],
          [
            135.7471623,
            35.0036034
          ],
          [
            135.7476124,
            35.003607
          ],
          [
            135.7486115,
            35.0036205
          ],
          [
            135.7488826,
            35.0036209
          ]
        ]
      },
      "id": "way/531353909"
    },
    {
      "type": "Feature",
      "properties": {
        "@id": "way/117606546",
        "@relations": [
          {
            "role": "from",
            "rel": 19161711,
            "reltags": {
              "restriction": "no_right_turn",
              "type": "restriction"
            }
          }
        ]
      },
      "geometry": {
        "type": "LineString",
        "coordinates": [
          [
            135.7384711,
            34.9872267
          ],
          [
            135.7384748,
            34.9878483
          ],
          [
            135.7384743,
            34.9885112
          ],
          [
            135.7384746,
            34.9885868
          ],
          [
            135.7384807,
            34.98905
          ],
          [
            135.7384815,
            34.9891675
          ]
        ]
      },
      "id": "way/117606546"
    },
    {
      "type": "Feature",
      "properties": {
        "@id": "way/1388763240",
        "@relations": [
          {
            "role": "to",
            "rel": 19161711,
            "reltags": {
              "restriction": "no_right_turn",
              "type": "restriction"
            }
          }
        ]
      },
      "geometry": {
        "type": "LineString",
        "coordinates": [
          [
            135.7384815,
            34.9891675
          ],
          [
            135.738878,
            34.9891599
          ],
          [
            135.7391463,
            34.9891549
          ],
          [
            135.7394668,
            34.989152
          ],
          [
            135.739555,
            34.9891519
          ],
          [
            135.7398867,
            34.9891514
          ],
          [
            135.7401063,
            34.9891511
          ],
          [
            135.7409906,
            34.9891468
          ],
          [
            135.741655,
            34.9891396
          ]
        ]
      },
      "id": "way/1388763240"
    },
    {
      "type": "Feature",
      "properties": {
        "@id": "way/48036443",
        "@relations": [
          {
            "role": "from",
            "rel": 7637806,
            "reltags": {
              "restriction": "only_left_turn",
              "type": "restriction"
            }
          }
        ]
      },
      "geometry": {
        "type": "LineString",
        "coordinates": [
          [
            135.7484241,
            34.9915786
          ],
          [
            135.7483985,
            34.9927279
          ],
          [
            135.7483885,
            34.9932307
          ],
          [
            135.7483828,
            34.9936052
          ],
          [
            135.7483766,
            34.9940165
          ],
          [
            135.748354,
            34.9943762
          ],
          [
            135.7483544,
            34.9945882
          ],
          [
            135.7483434,
            34.9949246
          ],
          [
            135.7483452,
            34.9952312
          ],
          [
            135.7483491,
            34.9961123
          ],
          [
            135.7483495,
            34.9961325
          ],
          [
            135.748351,
            34.9962166
          ]
        ]
      },
      "id": "way/48036443"
    },
    {
      "type": "Feature",
      "properties": {
        "@id": "way/531155904",
        "@relations": [
          {
            "role": "to",
            "rel": 7637807,
            "reltags": {
              "restriction": "only_left_turn",
              "type": "restriction"
            }
          }
        ]
      },
      "geometry": {
        "type": "LineString",
        "coordinates": [
          [
            135.7500081,
            34.9964512
          ],
          [
            135.7506019,
            34.9964381
          ],
          [
            135.7506876,
            34.9964362
          ],
          [
            135.7508255,
            34.9964318
          ],
          [
            135.7511549,
            34.996422
          ],
          [
            135.7514517,
            34.9964119
          ],
          [
            135.7517734,
            34.9964017
          ],
          [
            135.7522451,
            34.9963868
          ]
        ]
      },
      "id": "way/531155904"
    },
    {
      "type": "Feature",
      "properties": {
        "@id": "way/378901025",
        "@relations": [
          {
            "role": "from",
            "rel": 7637812,
            "reltags": {
              "restriction": "only_left_turn",
              "type": "restriction"
            }
          }
        ]
      },
      "geometry": {
        "type": "LineString",
        "coordinates": [
          [
            135.7444822,
            34.9940489
          ],
          [
            135.7444818,
            34.9947668
          ],
          [
            135.7444816,
            34.9952086
          ],
          [
            135.7444811,
            34.9960131
          ],
          [
            135.7444811,
            34.9960395
          ],
          [
            135.7444811,
            34.9961018
          ]
        ]
      },
      "id": "way/378901025"
    },
    {
      "type": "Feature",
      "properties": {
        "@id": "way/531157047",
        "@relations": [
          {
            "role": "to",
            "rel": 7637812,
            "reltags": {
              "restriction": "only_left_turn",
              "type": "restriction"
            }
          }
        ]
      },
      "geometry": {
        "type": "LineString",
        "coordinates": [
          [
            135.7444811,
            34.9961018
          ],
          [
            135.7430794,
            34.9960892
          ],
          [
            135.7427955,
            34.9960829
          ],
          [
            135.7425588,
            34.996076
          ]
        ]
      },
      "id": "way/531157047"
    },
    {
      "type": "Feature",
      "properties": {
        "@id": "way/39381614",
        "@relations": [
          {
            "role": "from",
            "rel": 7637807,
            "reltags": {
              "restriction": "only_left_turn",
              "type": "restriction"
            }
          }
        ]
      },
      "geometry": {
        "type": "LineString",
        "coordinates": [
          [
            135.7500615,
            34.9979634
          ],
          [
            135.7500199,
            34.99675
          ],
          [
            135.7500111,
            34.9965246
          ],
          [
            135.7500105,
            34.9965088
          ],
          [
            135.7500081,
            34.9964512
          ]
        ]
      },
      "id": "way/39381614"
    },
    {
      "type": "Feature",
      "properties": {
        "@id": "way/531155898",
        "@relations": [
          {
            "role": "to",
            "rel": 7637806,
            "reltags": {
              "restriction": "only_left_turn",
              "type": "restriction"
            }
          }
        ]
      },
      "geometry": {
        "type": "LineString",
        "coordinates": [
          [
            135.748351,
            34.9962166
          ],
          [
            135.7476306,
            34.9961933
          ],
          [
            135.7475727,
            34.9961914
          ],
          [
            135.7474939,
            34.9961895
          ],
          [
            135.7470329,
            34.9961783
          ],
          [
            135.7464165,
            34.9961631
          ],
          [
            135.7461709,
            34.9961541
          ],
          [
            135.7460425,
            34.9961493
          ]
        ]
      },
      "id": "way/531155898"
    },
    {
      "type": "Feature",
      "properties": {
        "@id": "way/38748549",
        "@relations": [
          {
            "role": "to",
            "rel": 11588853,
            "reltags": {
              "restriction": "only_right_turn",
              "type": "restriction"
            }
          },
          {
            "role": "to",
            "rel": 11588854,
            "reltags": {
              "restriction": "only_right_turn",
              "type": "restriction"
            }
          }
        ]
      },
      "geometry": {
        "type": "LineString",
        "coordinates": [
          [
            135.7515143,
            34.9867742
          ],
          [
            135.7515868,
            34.9867894
          ],
          [
            135.7517112,
            34.9867972
          ],
          [
            135.75211,
            34.9868342
          ],
          [
            135.7521727,
            34.9868317
          ],
          [
            135.7527767,
            34.9868346
          ],
          [
            135.7529118,
            34.9868352
          ],
          [
            135.753042,
            34.9868592
          ]
        ]
      },
      "id": "way/38748549"
    },
    {
      "type": "Feature",
      "properties": {
        "@id": "way/273487520",
        "@relations": [
          {
            "role": "from",
            "rel": 11588856,
            "reltags": {
              "restriction": "only_right_turn",
              "type": "restriction"
            }
          }
        ]
      },
      "geometry": {
        "type": "LineString",
        "coordinates": [
          [
            135.753042,
            34.9868592
          ],
          [
            135.7530751,
            34.9869244
          ],
          [
            135.7530983,
            34.9869976
          ],
          [
            135.7531143,
            34.98706
          ],
          [
            135.7531165,
            34.9871246
          ]
        ]
      },
      "id": "way/273487520"
    },
    {
      "type": "Feature",
      "properties": {
        "@id": "way/844780289",
        "@relations": [
          {
            "role": "from",
            "rel": 11588854,
            "reltags": {
              "restriction": "only_right_turn",
              "type": "restriction"
            }
          }
        ]
      },
      "geometry": {
        "type": "LineString",
        "coordinates": [
          [
            135.7530759,
            34.9871243
          ],
          [
            135.7530715,
            34.9870154
          ],
          [
            135.753042,
            34.9868592
          ]
        ]
      },
      "id": "way/844780289"
    },
    {
      "type": "Feature",
      "properties": {
        "@id": "way/844780290",
        "@relations": [
          {
            "role": "to",
            "rel": 11588855,
            "reltags": {
              "restriction": "only_straight_on",
              "type": "restriction"
            }
          }
        ]
      },
      "geometry": {
        "type": "LineString",
        "coordinates": [
          [
            135.7530759,
            34.9871243
          ],
          [
            135.7530212,
            34.9871239
          ]
        ]
      },
      "id": "way/844780290"
    },
    {
      "type": "Feature",
      "properties": {
        "@id": "way/844780291",
        "@relations": [
          {
            "role": "from",
            "rel": 11588853,
            "reltags": {
              "restriction": "only_right_turn",
              "type": "restriction"
            }
          }
        ]
      },
      "geometry": {
        "type": "LineString",
        "coordinates": [
          [
            135.7531722,
            34.9869514
          ],
          [
            135.753042,
            34.9868592
          ]
        ]
      },
      "id": "way/844780291"
    },
    {
      "type": "Feature",
      "properties": {
        "@id": "way/844780294",
        "@relations": [
          {
            "role": "from",
            "rel": 11588855,
            "reltags": {
              "restriction": "only_straight_on",
              "type": "restriction"
            }
          }
        ]
      },
      "geometry": {
        "type": "LineString",
        "coordinates": [
          [
            135.7531165,
            34.9871246
          ],
          [
            135.7530759,
            34.9871243
          ]
        ]
      },
      "id": "way/844780294"
    },
    {
      "type": "Feature",
      "properties": {
        "@id": "way/844780295",
        "@relations": [
          {
            "role": "to",
            "rel": 11588856,
            "reltags": {
              "restriction": "only_right_turn",
              "type": "restriction"
            }
          }
        ]
      },
      "geometry": {
        "type": "LineString",
        "coordinates": [
          [
            135.7531165,
            34.9871246
          ],
          [
            135.7531607,
            34.9871778
          ]
        ]
      },
      "id": "way/844780295"
    },
    {
      "type": "Feature",
      "properties": {
        "@id": "way/844780296",
        "@relations": [
          {
            "role": "to",
            "rel": 11588857,
            "reltags": {
              "restriction": "only_straight_on",
              "type": "restriction"
            }
          }
        ]
      },
      "geometry": {
        "type": "LineString",
        "coordinates": [
          [
            135.7531634,
            34.9871249
          ],
          [
            135.7531165,
            34.9871246
          ]
        ]
      },
      "id": "way/844780296"
    },
    {
      "type": "Feature",
      "properties": {
        "@id": "way/1498985873",
        "@relations": [
          {
            "role": "from",
            "rel": 11588857,
            "reltags": {
              "restriction": "only_straight_on",
              "type": "restriction"
            }
          }
        ]
      },
      "geometry": {
        "type": "LineString",
        "coordinates": [
          [
            135.7538103,
            34.9871243
          ],
          [
            135.7536736,
            34.9871244
          ],
          [
            135.7531634,
            34.9871249
          ]
        ]
      },
      "id": "way/1498985873"
    },
    {
      "type": "Feature",
      "properties": {
        "@id": "way/27279149",
        "@relations": [
          {
            "role": "to",
            "rel": 16454726,
            "reltags": {
              "restriction": "only_left_turn",
              "type": "restriction"
            }
          }
        ]
      },
      "geometry": {
        "type": "LineString",
        "coordinates": [
          [
            135.7626571,
            34.9872553
          ],
          [
            135.7629718,
            34.9872528
          ],
          [
            135.7634111,
            34.9872494
          ],
          [
            135.7635568,
            34.9872483
          ],
          [
            135.7636937,
            34.9872472
          ],
          [
            135.7639979,
            34.9872448
          ]
        ]
      },
      "id": "way/27279149"
    },
    {
      "type": "Feature",
      "properties": {
        "@id": "way/46699200",
        "@relations": [
          {
            "role": "to",
            "rel": 5714037,
            "reltags": {
              "restriction": "only_right_turn",
              "type": "restriction"
            }
          }
        ]
      },
      "geometry": {
        "type": "LineString",
        "coordinates": [
          [
            135.7597716,
            34.9961083
          ],
          [
            135.7597756,
            34.9958931
          ],
          [
            135.759776,
            34.9958665
          ],
          [
            135.7597921,
            34.9955068
          ],
          [
            135.7598011,
            34.9949508
          ],
          [
            135.7598016,
            34.9948895
          ],
          [
            135.7598051,
            34.9944374
          ],
          [
            135.7598072,
            34.9940235
          ],
          [
            135.7598081,
            34.9939371
          ],
          [
            135.759808,
            34.993794
          ],
          [
            135.7598117,
            34.9934218
          ],
          [
            135.7598099,
            34.9932979
          ],
          [
            135.7598085,
            34.9931904
          ],
          [
            135.7598199,
            34.9929595
          ],
          [
            135.7598321,
            34.9928964
          ],
          [
            135.7598416,
            34.992847
          ],
          [
            135.7598502,
            34.9928024
          ],
          [
            135.7599057,
            34.9926507
          ],
          [
            135.7600503,
            34.9922847
          ],
          [
            135.7601033,
            34.9921375
          ],
          [
            135.7602267,
            34.9918391
          ],
          [
            135.7602473,
            34.9917577
          ],
          [
            135.7602619,
            34.9916811
          ],
          [
            135.7602625,
            34.9913345
          ],
          [
            135.7602608,
            34.9911095
          ],
          [
            135.7602572,
            34.9906296
          ],
          [
            135.7602516,
            34.9904311
          ],
          [
            135.760238,
            34.9903759
          ],
          [
            135.7601266,
            34.9901487
          ],
          [
            135.7599149,
            34.9898162
          ],
          [
            135.7598531,
            34.9897106
          ],
          [
            135.7598165,
            34.989576
          ],
          [
            135.7598195,
            34.9893651
          ],
          [
            135.7598213,
            34.9892404
          ]
        ]
      },
      "id": "way/46699200"
    },
    {
      "type": "Feature",
      "properties": {
        "@id": "way/154263017",
        "@relations": [
          {
            "role": "to",
            "rel": 11028484,
            "reltags": {
              "restriction": "only_straight_on",
              "type": "restriction"
            }
          }
        ]
      },
      "geometry": {
        "type": "LineString",
        "coordinates": [
          [
            135.7597677,
            34.9963159
          ],
          [
            135.7599655,
            34.9963098
          ],
          [
            135.7599865,
            34.9963091
          ],
          [
            135.7602947,
            34.996299
          ],
          [
            135.7609014,
            34.9962705
          ],
          [
            135.7610778,
            34.996271
          ],
          [
            135.7612463,
            34.9962677
          ],
          [
            135.7618387,
            34.9962495
          ],
          [
            135.7625131,
            34.9962313
          ],
          [
            135.7625952,
            34.99623
          ],
          [
            135.7633128,
            34.9961877
          ],
          [
            135.7640349,
            34.9961555
          ],
          [
            135.7645748,
            34.9961283
          ],
          [
            135.7647355,
            34.9961196
          ],
          [
            135.7648827,
            34.9961124
          ],
          [
            135.7654078,
            34.996076
          ],
          [
            135.7659212,
            34.9960306
          ],
          [
            135.7661473,
            34.9960107
          ]
        ]
      },
      "id": "way/154263017"
    },
    {
      "type": "Feature",
      "properties": {
        "@id": "way/117060994",
        "@relations": [
          {
            "role": "from",
            "rel": 7637811,
            "reltags": {
              "restriction": "no_straight_on",
              "type": "restriction"
            }
          }
        ]
      },
      "geometry": {
        "type": "LineString",
        "coordinates": [
          [
            135.7514546,
            34.9979929
          ],
          [
            135.7514523,
            34.9974234
          ],
          [
            135.7514597,
            34.9970223
          ],
          [
            135.751453,
            34.996491
          ],
          [
            135.7514528,
            34.9964779
          ],
          [
            135.7514517,
            34.9964119
          ]
        ]
      },
      "id": "way/117060994"
    },
    {
      "type": "Feature",
      "properties": {
        "@id": "way/117340962",
        "@relations": [
          {
            "role": "to",
            "rel": 7637811,
            "reltags": {
              "restriction": "no_straight_on",
              "type": "restriction"
            }
          }
        ]
      },
      "geometry": {
        "type": "LineString",
        "coordinates": [
          [
            135.7514517,
            34.9964119
          ],
          [
            135.7514776,
            34.9962067
          ]
        ]
      },
      "id": "way/117340962"
    },
    {
      "type": "Feature",
      "properties": {
        "@id": "way/174762084",
        "@relations": [
          {
            "role": "from",
            "rel": 5714036,
            "reltags": {
              "restriction": "only_straight_on",
              "type": "restriction"
            }
          }
        ]
      },
      "geometry": {
        "type": "LineString",
        "coordinates": [
          [
            135.7596578,
            34.9961098
          ],
          [
            135.7596569,
            34.9961917
          ]
        ]
      },
      "id": "way/174762084"
    },
    {
      "type": "Feature",
      "properties": {
        "@id": "way/384086829",
        "@relations": [
          {
            "role": "from",
            "rel": 5714037,
            "reltags": {
              "restriction": "only_right_turn",
              "type": "restriction"
            }
          }
        ]
      },
      "geometry": {
        "type": "LineString",
        "coordinates": [
          [
            135.7583738,
            34.9963409
          ],
          [
            135.7587351,
            34.9962715
          ],
          [
            135.7589385,
            34.9962528
          ],
          [
            135.7592445,
            34.9962298
          ],
          [
            135.7594522,
            34.9962236
          ],
          [
            135.7595484,
            34.9962181
          ],
          [
            135.7596057,
            34.9962086
          ],
          [
            135.7596569,
            34.9961917
          ]
        ]
      },
      "id": "way/384086829"
    },
    {
      "type": "Feature",
      "properties": {
        "@id": "way/384086830",
        "@relations": [
          {
            "role": "to",
            "rel": 5714036,
            "reltags": {
              "restriction": "only_straight_on",
              "type": "restriction"
            }
          }
        ]
      },
      "geometry": {
        "type": "LineString",
        "coordinates": [
          [
            135.7596569,
            34.9961917
          ],
          [
            135.7596561,
            34.9963193
          ]
        ]
      },
      "id": "way/384086830"
    },
    {
      "type": "Feature",
      "properties": {
        "@id": "way/384086831",
        "@relations": [
          {
            "role": "via",
            "rel": 5714037,
            "reltags": {
              "restriction": "only_right_turn",
              "type": "restriction"
            }
          }
        ]
      },
      "geometry": {
        "type": "LineString",
        "coordinates": [
          [
            135.7596569,
            34.9961917
          ],
          [
            135.759701,
            34.9961713
          ],
          [
            135.759748,
            34.9961377
          ],
          [
            135.7597716,
            34.9961083
          ]
        ]
      },
      "id": "way/384086831"
    },
    {
      "type": "Feature",
      "properties": {
        "@id": "way/795257401",
        "@relations": [
          {
            "role": "from",
            "rel": 11028484,
            "reltags": {
              "restriction": "only_straight_on",
              "type": "restriction"
            }
          }
        ]
      },
      "geometry": {
        "type": "LineString",
        "coordinates": [
          [
            135.7596561,
            34.9963193
          ],
          [
            135.7597677,
            34.9963159
          ]
        ]
      },
      "id": "way/795257401"
    },
    {
      "type": "Feature",
      "properties": {
        "@id": "way/162566127",
        "@relations": [
          {
            "role": "from",
            "rel": 11592014,
            "reltags": {
              "except": "bus",
              "restriction": "only_left_turn",
              "type": "restriction"
            }
          }
        ]
      },
      "geometry": {
        "type": "LineString",
        "coordinates": [
          [
            135.7492693,
            35.0031974
          ],
          [
            135.7491165,
            35.0031722
          ],
          [
            135.7489666,
            35.0031476
          ]
        ]
      },
      "id": "way/162566127"
    },
    {
      "type": "Feature",
      "properties": {
        "@id": "way/1219710802",
        "@relations": [
          {
            "role": "to",
            "rel": 11592014,
            "reltags": {
              "except": "bus",
              "restriction": "only_left_turn",
              "type": "restriction"
            }
          }
        ]
      },
      "geometry": {
        "type": "LineString",
        "coordinates": [
          [
            135.7489666,
            35.0031476
          ],
          [
            135.7490041,
            35.002443
          ]
        ]
      },
      "id": "way/1219710802"
    },
    {
      "type": "Feature",
      "properties": {
        "@id": "way/117159107",
        "@relations": [
          {
            "role": "to",
            "rel": 18641239,
            "reltags": {
              "restriction": "no_right_turn",
              "type": "restriction"
            }
          }
        ]
      },
      "geometry": {
        "type": "LineString",
        "coordinates": [
          [
            135.7425998,
            35.0116917
          ],
          [
            135.7426011,
            35.0121158
          ],
          [
            135.7425864,
            35.0123762
          ]
        ]
      },
      "id": "way/117159107"
    },
    {
      "type": "Feature",
      "properties": {
        "@id": "way/157253988",
        "@relations": [
          {
            "role": "from",
            "rel": 18641239,
            "reltags": {
              "restriction": "no_right_turn",
              "type": "restriction"
            }
          }
        ]
      },
      "geometry": {
        "type": "LineString",
        "coordinates": [
          [
            135.7436723,
            35.011678
          ],
          [
            135.7427484,
            35.0116918
          ],
          [
            135.7425998,
            35.0116917
          ]
        ]
      },
      "id": "way/157253988"
    },
    {
      "type": "Feature",
      "properties": {
        "@id": "way/465069432",
        "@relations": [
          {
            "role": "from",
            "rel": 11577477,
            "reltags": {
              "restriction": "only_straight_on",
              "type": "restriction"
            }
          }
        ]
      },
      "geometry": {
        "type": "LineString",
        "coordinates": [
          [
            135.7663517,
            35.0037031
          ],
          [
            135.7663483,
            35.0036215
          ],
          [
            135.7663408,
            35.0025849
          ],
          [
            135.7663403,
            35.0025193
          ],
          [
            135.766311,
            35.0015672
          ],
          [
            135.7662954,
            35.0013667
          ],
          [
            135.7662654,
            35.0006839
          ],
          [
            135.7662503,
            35.0001654
          ],
          [
            135.7662492,
            35.0001264
          ],
          [
            135.7662487,
            35.0000875
          ],
          [
            135.7662356,
            34.9989842
          ],
          [
            135.766202,
            34.9976952
          ],
          [
            135.7661719,
            34.9961194
          ],
          [
            135.7661641,
            34.996082
          ],
          [
            135.7661473,
            34.9960107
          ]
        ]
      },
      "id": "way/465069432"
    },
    {
      "type": "Feature",
      "properties": {
        "@id": "way/843908920",
        "@relations": [
          {
            "role": "to",
            "rel": 11577477,
            "reltags": {
              "restriction": "only_straight_on",
              "type": "restriction"
            }
          }
        ]
      },
      "geometry": {
        "type": "LineString",
        "coordinates": [
          [
            135.7661473,
            34.9960107
          ],
          [
            135.7661288,
            34.9959552
          ],
          [
            135.7661178,
            34.9959258
          ],
          [
            135.7661001,
            34.9958955
          ],
          [
            135.766073,
            34.995871
          ],
          [
            135.7660366,
            34.995852
          ],
          [
            135.7659824,
            34.9958376
          ],
          [
            135.7658898,
            34.9958145
          ]
        ]
      },
      "id": "way/843908920"
    },
    {
      "type": "Feature",
      "properties": {
        "@id": "way/28578165",
        "@relations": [
          {
            "role": "from",
            "rel": 16201451,
            "reltags": {
              "restriction": "no_right_turn",
              "type": "restriction"
            }
          },
          {
            "role": "from",
            "rel": 16201452,
            "reltags": {
              "restriction": "no_u_turn",
              "type": "restriction"
            }
          },
          {
            "role": "to",
            "rel": 16201452,
            "reltags": {
              "restriction": "no_u_turn",
              "type": "restriction"
            }
          }
        ]
      },
      "geometry": {
        "type": "LineString",
        "coordinates": [
          [
            135.7681609,
            35.0001219
          ],
          [
            135.7680522,
            35.0001599
          ],
          [
            135.7679902,
            35.0001816
          ],
          [
            135.7679322,
            35.0001933
          ],
          [
            135.7678762,
            35.0001974
          ],
          [
            135.7677582,
            35.0002004
          ],
          [
            135.7669791,
            35.0002118
          ],
          [
            135.7668859,
            35.0001522
          ]
        ]
      },
      "id": "way/28578165"
    },
    {
      "type": "Feature",
      "properties": {
        "@id": "way/37278111",
        "@relations": [
          {
            "role": "to",
            "rel": 14669492,
            "reltags": {
              "restriction": "no_right_turn",
              "type": "restriction"
            }
          }
        ]
      },
      "geometry": {
        "type": "LineString",
        "coordinates": [
          [
            135.7692447,
            35.0052541
          ],
          [
            135.7693515,
            35.0052593
          ],
          [
            135.7699785,
            35.0052901
          ],
          [
            135.7700146,
            35.0052905
          ],
          [
            135.7703783,
            35.0052944
          ]
        ]
      },
      "id": "way/37278111"
    },
    {
      "type": "Feature",
      "properties": {
        "@id": "way/380083522",
        "@relations": [
          {
            "role": "to",
            "rel": 7283067,
            "reltags": {
              "restriction": "no_right_turn",
              "restriction:bus": "no",
              "restriction:conditional": "no @ (21:00-08:00)",
              "type": "restriction"
            }
          }
        ]
      },
      "geometry": {
        "type": "LineString",
        "coordinates": [
          [
            135.7663517,
            35.0037031
          ],
          [
            135.7667103,
            35.0037091
          ],
          [
            135.7668751,
            35.0037162
          ],
          [
            135.767113,
            35.0037168
          ],
          [
            135.7671922,
            35.0037181
          ],
          [
            135.7688193,
            35.0037574
          ],
          [
            135.7689312,
            35.0037654
          ],
          [
            135.76932,
            35.0037796
          ]
        ]
      },
      "id": "way/380083522"
    },
    {
      "type": "Feature",
      "properties": {
        "@id": "way/1021559402",
        "@relations": [
          {
            "role": "from",
            "rel": 7283067,
            "reltags": {
              "restriction": "no_right_turn",
              "restriction:bus": "no",
              "restriction:conditional": "no @ (21:00-08:00)",
              "type": "restriction"
            }
          },
          {
            "role": "to",
            "rel": 7283068,
            "reltags": {
              "restriction": "no_right_turn",
              "restriction:bus": "no",
              "restriction:conditional": "no @ (21:00-08:00)",
              "type": "restriction"
            }
          }
        ]
      },
      "geometry": {
        "type": "LineString",
        "coordinates": [
          [
            135.7692811,
            35.0047139
          ],
          [
            135.7692844,
            35.004634
          ],
          [
            135.7692989,
            35.0042852
          ],
          [
            135.7693085,
            35.0040551
          ],
          [
            135.76932,
            35.0037796
          ]
        ]
      },
      "id": "way/1021559402"
    },
    {
      "type": "Feature",
      "properties": {
        "@id": "way/1101850042",
        "@relations": [
          {
            "role": "from",
            "rel": 14669487,
            "reltags": {
              "restriction": "only_left_turn",
              "type": "restriction"
            }
          },
          {
            "role": "to",
            "rel": 14669490,
            "reltags": {
              "restriction": "no_right_turn",
              "type": "restriction"
            }
          }
        ]
      },
      "geometry": {
        "type": "LineString",
        "coordinates": [
          [
            135.7692216,
            35.0055626
          ],
          [
            135.7693285,
            35.0055675
          ],
          [
            135.7698111,
            35.00559
          ]
        ]
      },
      "id": "way/1101850042"
    },
    {
      "type": "Feature",
      "properties": {
        "@id": "way/1101850043",
        "@relations": [
          {
            "role": "to",
            "rel": 14669487,
            "reltags": {
              "restriction": "only_left_turn",
              "type": "restriction"
            }
          },
          {
            "role": "from",
            "rel": 14669488,
            "reltags": {
              "restriction": "no_u_turn",
              "type": "restriction"
            }
          },
          {
            "role": "to",
            "rel": 14669488,
            "reltags": {
              "restriction": "no_u_turn",
              "type": "restriction"
            }
          },
          {
            "role": "from",
            "rel": 14669490,
            "reltags": {
              "restriction": "no_right_turn",
              "type": "restriction"
            }
          },
          {
            "role": "from",
            "rel": 14669493,
            "reltags": {
              "restriction": "no_u_turn",
              "type": "restriction"
            }
          },
          {
            "role": "to",
            "rel": 14669493,
            "reltags": {
              "restriction": "no_u_turn",
              "type": "restriction"
            }
          }
        ]
      },
      "geometry": {
        "type": "LineString",
        "coordinates": [
          [
            135.7692216,
            35.0055626
          ],
          [
            135.7692447,
            35.0052541
          ]
        ]
      },
      "id": "way/1101850043"
    },
    {
      "type": "Feature",
      "properties": {
        "@id": "way/1101850045",
        "@relations": [
          {
            "role": "from",
            "rel": 14669491,
            "reltags": {
              "restriction": "no_u_turn",
              "type": "restriction"
            }
          },
          {
            "role": "to",
            "rel": 14669491,
            "reltags": {
              "restriction": "no_u_turn",
              "type": "restriction"
            }
          },
          {
            "role": "from",
            "rel": 14669492,
            "reltags": {
              "restriction": "no_right_turn",
              "type": "restriction"
            }
          }
        ]
      },
      "geometry": {
        "type": "LineString",
        "coordinates": [
          [
            135.7692447,
            35.0052541
          ],
          [
            135.7692811,
            35.0047139
          ]
        ]
      },
      "id": "way/1101850045"
    },
    {
      "type": "Feature",
      "properties": {
        "@id": "way/1198160326",
        "@relations": [
          {
            "role": "to",
            "rel": 16201451,
            "reltags": {
              "restriction": "no_right_turn",
              "type": "restriction"
            }
          }
        ]
      },
      "geometry": {
        "type": "LineString",
        "coordinates": [
          [
            135.7668859,
            35.0001522
          ],
          [
            135.7668857,
            35.0002083
          ],
          [
            135.766885,
            35.0004166
          ],
          [
            135.7668837,
            35.0008199
          ],
          [
            135.7668823,
            35.0012521
          ],
          [
            135.7668805,
            35.0013601
          ],
          [
            135.7668866,
            35.0017527
          ],
          [
            135.7668882,
            35.0018727
          ],
          [
            135.7668894,
            35.0019658
          ],
          [
            135.7668942,
            35.0023399
          ],
          [
            135.7668928,
            35.0024986
          ],
          [
            135.766885,
            35.0031396
          ],
          [
            135.7668766,
            35.0036251
          ],
          [
            135.7668751,
            35.0037162
          ]
        ]
      },
      "id": "way/1198160326"
    },
    {
      "type": "Feature",
      "properties": {
        "@id": "way/1509471528",
        "@relations": [
          {
            "role": "to",
            "rel": 7283066,
            "reltags": {
              "except": "bus",
              "restriction": "no_right_turn",
              "restriction:bus": "no",
              "restriction:conditional": "no @ (21:00-08:00)",
              "type": "restriction"
            }
          },
          {
            "role": "from",
            "rel": 7283069,
            "reltags": {
              "restriction": "no_right_turn",
              "restriction:bus": "no",
              "restriction:conditional": "no @ (21:00-08:00)",
              "type": "restriction"
            }
          }
        ]
      },
      "geometry": {
        "type": "LineString",
        "coordinates": [
          [
            135.76932,
            35.0037796
          ],
          [
            135.7693242,
            35.0035131
          ],
          [
            135.7693266,
            35.0033176
          ]
        ]
      },
      "id": "way/1509471528"
    },
    {
      "type": "Feature",
      "properties": {
        "@id": "way/843727820",
        "@relations": [
          {
            "role": "to",
            "rel": 11576235,
            "reltags": {
              "restriction": "only_straight_on",
              "type": "restriction"
            }
          }
        ]
      },
      "geometry": {
        "type": "LineString",
        "coordinates": [
          [
            135.7710153,
            35.0038155
          ],
          [
            135.7711451,
            35.0038182
          ]
        ]
      },
      "id": "way/843727820"
    },
    {
      "type": "Feature",
      "properties": {
        "@id": "way/174762073",
        "@relations": [
          {
            "role": "from",
            "rel": 7283068,
            "reltags": {
              "restriction": "no_right_turn",
              "restriction:bus": "no",
              "restriction:conditional": "no @ (21:00-08:00)",
              "type": "restriction"
            }
          },
          {
            "role": "to",
            "rel": 7283069,
            "reltags": {
              "restriction": "no_right_turn",
              "restriction:bus": "no",
              "restriction:conditional": "no @ (21:00-08:00)",
              "type": "restriction"
            }
          },
          {
            "role": "from",
            "rel": 11576235,
            "reltags": {
              "restriction": "only_straight_on",
              "type": "restriction"
            }
          }
        ]
      },
      "geometry": {
        "type": "LineString",
        "coordinates": [
          [
            135.76932,
            35.0037796
          ],
          [
            135.7696825,
            35.0037873
          ],
          [
            135.7703792,
            35.003802
          ],
          [
            135.7704376,
            35.0038032
          ],
          [
            135.770455,
            35.0038036
          ],
          [
            135.7705143,
            35.0038049
          ],
          [
            135.7705581,
            35.0038055
          ],
          [
            135.7706602,
            35.0038079
          ],
          [
            135.7710153,
            35.0038155
          ]
        ]
      },
      "id": "way/174762073"
    },
    {
      "type": "Feature",
      "properties": {
        "@id": "way/1101850040",
        "@relations": [
          {
            "role": "from",
            "rel": 14669486,
            "reltags": {
              "restriction": "no_u_turn",
              "type": "restriction"
            }
          },
          {
            "role": "to",
            "rel": 14669486,
            "reltags": {
              "restriction": "no_u_turn",
              "type": "restriction"
            }
          },
          {
            "role": "from",
            "rel": 14669489,
            "reltags": {
              "restriction": "no_u_turn",
              "type": "restriction"
            }
          },
          {
            "role": "to",
            "rel": 14669489,
            "reltags": {
              "restriction": "no_u_turn",
              "type": "restriction"
            }
          }
        ]
      },
      "geometry": {
        "type": "LineString",
        "coordinates": [
          [
            135.7691769,
            35.0061728
          ],
          [
            135.7691997,
            35.0058592
          ],
          [
            135.7692051,
            35.0057868
          ],
          [
            135.7692216,
            35.0055626
          ]
        ]
      },
      "id": "way/1101850040"
    },
    {
      "type": "Feature",
      "properties": {
        "@id": "way/28622939",
        "@relations": [
          {
            "role": "to",
            "rel": 14669464,
            "reltags": {
              "restriction": "no_right_turn",
              "type": "restriction"
            }
          }
        ]
      },
      "geometry": {
        "type": "LineString",
        "coordinates": [
          [
            135.7690158,
            35.0083504
          ],
          [
            135.7691278,
            35.0083539
          ],
          [
            135.7703074,
            35.0083887
          ]
        ]
      },
      "id": "way/28622939"
    },
    {
      "type": "Feature",
      "properties": {
        "@id": "way/28622946",
        "@relations": [
          {
            "role": "from",
            "rel": 14669482,
            "reltags": {
              "restriction": "only_left_turn",
              "type": "restriction"
            }
          }
        ]
      },
      "geometry": {
        "type": "LineString",
        "coordinates": [
          [
            135.7703583,
            35.0065447
          ],
          [
            135.7703049,
            35.0065401
          ],
          [
            135.7692606,
            35.0064759
          ],
          [
            135.7691547,
            35.0064692
          ]
        ]
      },
      "id": "way/28622946"
    },
    {
      "type": "Feature",
      "properties": {
        "@id": "way/37278107",
        "@relations": [
          {
            "role": "from",
            "rel": 14669471,
            "reltags": {
              "restriction": "no_u_turn",
              "type": "restriction"
            }
          },
          {
            "role": "to",
            "rel": 14669471,
            "reltags": {
              "restriction": "no_u_turn",
              "type": "restriction"
            }
          },
          {
            "role": "from",
            "rel": 14669472,
            "reltags": {
              "restriction": "no_right_turn",
              "type": "restriction"
            }
          },
          {
            "role": "to",
            "rel": 14669476,
            "reltags": {
              "restriction": "no_right_turn",
              "type": "restriction"
            }
          }
        ]
      },
      "geometry": {
        "type": "LineString",
        "coordinates": [
          [
            135.7703355,
            35.0075036
          ],
          [
            135.7691906,
            35.0074602
          ],
          [
            135.7690824,
            35.0074561
          ]
        ]
      },
      "id": "way/37278107"
    },
    {
      "type": "Feature",
      "properties": {
        "@id": "way/37278108",
        "@relations": [
          {
            "role": "to",
            "rel": 14669479,
            "reltags": {
              "restriction": "no_right_turn",
              "type": "restriction"
            }
          },
          {
            "role": "from",
            "rel": 14669481,
            "reltags": {
              "restriction": "only_left_turn",
              "type": "restriction"
            }
          }
        ]
      },
      "geometry": {
        "type": "LineString",
        "coordinates": [
          [
            135.7703467,
            35.0071492
          ],
          [
            135.7692206,
            35.0071013
          ],
          [
            135.7691083,
            35.0070965
          ]
        ]
      },
      "id": "way/37278108"
    },
    {
      "type": "Feature",
      "properties": {
        "@id": "way/174762071",
        "@relations": [
          {
            "role": "from",
            "rel": 14669466,
            "reltags": {
              "restriction": "no_u_turn",
              "type": "restriction"
            }
          },
          {
            "role": "to",
            "rel": 14669466,
            "reltags": {
              "restriction": "no_u_turn",
              "type": "restriction"
            }
          }
        ]
      },
      "geometry": {
        "type": "LineString",
        "coordinates": [
          [
            135.7689837,
            35.0087848
          ],
          [
            135.7689954,
            35.0086262
          ],
          [
            135.7689982,
            35.0085878
          ],
          [
            135.7689998,
            35.0085658
          ],
          [
            135.7690158,
            35.0083504
          ]
        ]
      },
      "id": "way/174762071"
    },
    {
      "type": "Feature",
      "properties": {
        "@id": "way/198690108",
        "@relations": [
          {
            "role": "from",
            "rel": 14669467,
            "reltags": {
              "restriction": "no_u_turn",
              "type": "restriction"
            }
          },
          {
            "role": "to",
            "rel": 14669467,
            "reltags": {
              "restriction": "no_u_turn",
              "type": "restriction"
            }
          },
          {
            "role": "from",
            "rel": 14669474,
            "reltags": {
              "restriction": "only_left_turn",
              "type": "restriction"
            }
          }
        ]
      },
      "geometry": {
        "type": "LineString",
        "coordinates": [
          [
            135.770316,
            35.008051
          ],
          [
            135.7702124,
            35.0080462
          ],
          [
            135.7691456,
            35.0079972
          ],
          [
            135.7690433,
            35.0079925
          ]
        ]
      },
      "id": "way/198690108"
    },
    {
      "type": "Feature",
      "properties": {
        "@id": "way/1101850021",
        "@relations": [
          {
            "role": "from",
            "rel": 14669464,
            "reltags": {
              "restriction": "no_right_turn",
              "type": "restriction"
            }
          },
          {
            "role": "from",
            "rel": 14669465,
            "reltags": {
              "restriction": "no_u_turn",
              "type": "restriction"
            }
          },
          {
            "role": "to",
            "rel": 14669465,
            "reltags": {
              "restriction": "no_u_turn",
              "type": "restriction"
            }
          },
          {
            "role": "from",
            "rel": 14669468,
            "reltags": {
              "restriction": "no_u_turn",
              "type": "restriction"
            }
          },
          {
            "role": "to",
            "rel": 14669468,
            "reltags": {
              "restriction": "no_u_turn",
              "type": "restriction"
            }
          }
        ]
      },
      "geometry": {
        "type": "LineString",
        "coordinates": [
          [
            135.7690158,
            35.0083504
          ],
          [
            135.7690337,
            35.0081097
          ],
          [
            135.7690433,
            35.0079925
          ]
        ]
      },
      "id": "way/1101850021"
    },
    {
      "type": "Feature",
      "properties": {
        "@id": "way/1101850022",
        "@relations": [
          {
            "role": "from",
            "rel": 14669469,
            "reltags": {
              "restriction": "no_u_turn",
              "type": "restriction"
            }
          },
          {
            "role": "to",
            "rel": 14669469,
            "reltags": {
              "restriction": "no_u_turn",
              "type": "restriction"
            }
          },
          {
            "role": "from",
            "rel": 14669473,
            "reltags": {
              "restriction": "no_u_turn",
              "type": "restriction"
            }
          },
          {
            "role": "to",
            "rel": 14669473,
            "reltags": {
              "restriction": "no_u_turn",
              "type": "restriction"
            }
          },
          {
            "role": "to",
            "rel": 14669474,
            "reltags": {
              "restriction": "only_left_turn",
              "type": "restriction"
            }
          }
        ]
      },
      "geometry": {
        "type": "LineString",
        "coordinates": [
          [
            135.7690433,
            35.0079925
          ],
          [
            135.7690505,
            35.0078804
          ],
          [
            135.7690606,
            35.0077433
          ],
          [
            135.7690672,
            35.0076542
          ]
        ]
      },
      "id": "way/1101850022"
    },
    {
      "type": "Feature",
      "properties": {
        "@id": "way/1101850023",
        "@relations": [
          {
            "role": "from",
            "rel": 14669470,
            "reltags": {
              "restriction": "no_u_turn",
              "type": "restriction"
            }
          },
          {
            "role": "to",
            "rel": 14669470,
            "reltags": {
              "restriction": "no_u_turn",
              "type": "restriction"
            }
          },
          {
            "role": "to",
            "rel": 14669472,
            "reltags": {
              "restriction": "no_right_turn",
              "type": "restriction"
            }
          },
          {
            "role": "from",
            "rel": 14669477,
            "reltags": {
              "restriction": "no_u_turn",
              "type": "restriction"
            }
          },
          {
            "role": "to",
            "rel": 14669477,
            "reltags": {
              "restriction": "no_u_turn",
              "type": "restriction"
            }
          }
        ]
      },
      "geometry": {
        "type": "LineString",
        "coordinates": [
          [
            135.7690672,
            35.0076542
          ],
          [
            135.7690758,
            35.0075375
          ],
          [
            135.7690824,
            35.0074561
          ]
        ]
      },
      "id": "way/1101850023"
    },
    {
      "type": "Feature",
      "properties": {
        "@id": "way/1101850024",
        "@relations": [
          {
            "role": "from",
            "rel": 14669475,
            "reltags": {
              "restriction": "no_u_turn",
              "type": "restriction"
            }
          },
          {
            "role": "to",
            "rel": 14669475,
            "reltags": {
              "restriction": "no_u_turn",
              "type": "restriction"
            }
          },
          {
            "role": "from",
            "rel": 14669476,
            "reltags": {
              "restriction": "no_right_turn",
              "type": "restriction"
            }
          },
          {
            "role": "from",
            "rel": 14669480,
            "reltags": {
              "restriction": "no_u_turn",
              "type": "restriction"
            }
          },
          {
            "role": "to",
            "rel": 14669480,
            "reltags": {
              "restriction": "no_u_turn",
              "type": "restriction"
            }
          }
        ]
      },
      "geometry": {
        "type": "LineString",
        "coordinates": [
          [
            135.7690824,
            35.0074561
          ],
          [
            135.7691083,
            35.0070965
          ]
        ]
      },
      "id": "way/1101850024"
    },
    {
      "type": "Feature",
      "properties": {
        "@id": "way/1101850032",
        "@relations": [
          {
            "role": "from",
            "rel": 14669478,
            "reltags": {
              "restriction": "no_u_turn",
              "type": "restriction"
            }
          },
          {
            "role": "to",
            "rel": 14669478,
            "reltags": {
              "restriction": "no_u_turn",
              "type": "restriction"
            }
          },
          {
            "role": "from",
            "rel": 14669479,
            "reltags": {
              "restriction": "no_right_turn",
              "type": "restriction"
            }
          },
          {
            "role": "to",
            "rel": 14669481,
            "reltags": {
              "restriction": "only_left_turn",
              "type": "restriction"
            }
          },
          {
            "role": "from",
            "rel": 14669484,
            "reltags": {
              "restriction": "no_u_turn",
              "type": "restriction"
            }
          },
          {
            "role": "to",
            "rel": 14669484,
            "reltags": {
              "restriction": "no_u_turn",
              "type": "restriction"
            }
          }
        ]
      },
      "geometry": {
        "type": "LineString",
        "coordinates": [
          [
            135.7691083,
            35.0070965
          ],
          [
            135.7691547,
            35.0064692
          ]
        ]
      },
      "id": "way/1101850032"
    },
    {
      "type": "Feature",
      "properties": {
        "@id": "way/1101850037",
        "@relations": [
          {
            "role": "to",
            "rel": 14669482,
            "reltags": {
              "restriction": "only_left_turn",
              "type": "restriction"
            }
          },
          {
            "role": "from",
            "rel": 14669483,
            "reltags": {
              "restriction": "no_u_turn",
              "type": "restriction"
            }
          },
          {
            "role": "to",
            "rel": 14669483,
            "reltags": {
              "restriction": "no_u_turn",
              "type": "restriction"
            }
          },
          {
            "role": "from",
            "rel": 14669485,
            "reltags": {
              "restriction": "no_u_turn",
              "type": "restriction"
            }
          },
          {
            "role": "to",
            "rel": 14669485,
            "reltags": {
              "restriction": "no_u_turn",
              "type": "restriction"
            }
          }
        ]
      },
      "geometry": {
        "type": "LineString",
        "coordinates": [
          [
            135.7691547,
            35.0064692
          ],
          [
            135.7691707,
            35.006252
          ],
          [
            135.7691769,
            35.0061728
          ]
        ]
      },
      "id": "way/1101850037"
    },
    {
      "type": "Feature",
      "properties": {
        "@id": "way/600354684",
        "@relations": [
          {
            "role": "to",
            "rel": 15321068,
            "reltags": {
              "restriction": "only_left_turn",
              "type": "restriction"
            }
          }
        ]
      },
      "geometry": {
        "type": "LineString",
        "coordinates": [
          [
            135.7565425,
            35.0173885
          ],
          [
            135.7558612,
            35.0173844
          ],
          [
            135.7557696,
            35.0173839
          ]
        ]
      },
      "id": "way/600354684"
    },
    {
      "type": "Feature",
      "properties": {
        "@id": "way/1132385901",
        "@relations": [
          {
            "role": "from",
            "rel": 15321068,
            "reltags": {
              "restriction": "only_left_turn",
              "type": "restriction"
            }
          }
        ]
      },
      "geometry": {
        "type": "LineString",
        "coordinates": [
          [
            135.7565425,
            35.0173885
          ],
          [
            135.7565431,
            35.0173165
          ],
          [
            135.7565584,
            35.0162112
          ]
        ]
      },
      "id": "way/1132385901"
    },
    {
      "type": "Feature",
      "properties": {
        "@id": "way/1132385904",
        "@relations": [
          {
            "role": "from",
            "rel": 19907685,
            "reltags": {
              "restriction": "only_left_turn",
              "type": "restriction"
            }
          }
        ]
      },
      "geometry": {
        "type": "LineString",
        "coordinates": [
          [
            135.7565283,
            35.0182004
          ],
          [
            135.7565396,
            35.0174571
          ],
          [
            135.7565425,
            35.0173885
          ]
        ]
      },
      "id": "way/1132385904"
    },
    {
      "type": "Feature",
      "properties": {
        "@id": "way/1132386476",
        "@relations": [
          {
            "role": "from",
            "rel": 15321089,
            "reltags": {
              "restriction": "only_left_turn",
              "type": "restriction"
            }
          }
        ]
      },
      "geometry": {
        "type": "LineString",
        "coordinates": [
          [
            135.7550133,
            35.0174514
          ],
          [
            135.7550121,
            35.0173758
          ]
        ]
      },
      "id": "way/1132386476"
    },
    {
      "type": "Feature",
      "properties": {
        "@id": "way/1309504666",
        "@relations": [
          {
            "role": "to",
            "rel": 17960343,
            "reltags": {
              "restriction": "only_left_turn",
              "type": "restriction"
            }
          }
        ]
      },
      "geometry": {
        "type": "LineString",
        "coordinates": [
          [
            135.7534116,
            35.0173586
          ],
          [
            135.7521944,
            35.0173597
          ],
          [
            135.7521059,
            35.0173605
          ]
        ]
      },
      "id": "way/1309504666"
    },
    {
      "type": "Feature",
      "properties": {
        "@id": "way/1309504667",
        "@relations": [
          {
            "role": "from",
            "rel": 17960343,
            "reltags": {
              "restriction": "only_left_turn",
              "type": "restriction"
            }
          }
        ]
      },
      "geometry": {
        "type": "LineString",
        "coordinates": [
          [
            135.7534088,
            35.0169995
          ],
          [
            135.7534092,
            35.0172772
          ],
          [
            135.7534094,
            35.0172924
          ],
          [
            135.7534116,
            35.0173586
          ]
        ]
      },
      "id": "way/1309504667"
    },
    {
      "type": "Feature",
      "properties": {
        "@id": "way/1309515174",
        "@relations": [
          {
            "role": "from",
            "rel": 17960458,
            "reltags": {
              "restriction": "only_left_turn",
              "type": "restriction"
            }
          }
        ]
      },
      "geometry": {
        "type": "LineString",
        "coordinates": [
          [
            135.7557343,
            35.0186401
          ],
          [
            135.7557346,
            35.0186037
          ],
          [
            135.7557398,
            35.0178556
          ],
          [
            135.7557423,
            35.0175019
          ],
          [
            135.7557696,
            35.0173839
          ]
        ]
      },
      "id": "way/1309515174"
    },
    {
      "type": "Feature",
      "properties": {
        "@id": "way/380081447",
        "@relations": [
          {
            "role": "to",
            "rel": 19907685,
            "reltags": {
              "restriction": "only_left_turn",
              "type": "restriction"
            }
          }
        ]
      },
      "geometry": {
        "type": "LineString",
        "coordinates": [
          [
            135.7580008,
            35.0173792
          ],
          [
            135.7573004,
            35.0173837
          ],
          [
            135.7572193,
            35.0173842
          ],
          [
            135.7571356,
            35.0173847
          ],
          [
            135.7565425,
            35.0173885
          ]
        ]
      },
      "id": "way/380081447"
    },
    {
      "type": "Feature",
      "properties": {
        "@id": "node/224811905",
        "@relations": [
          {
            "role": "via",
            "rel": 7283066,
            "reltags": {
              "except": "bus",
              "restriction": "no_right_turn",
              "restriction:bus": "no",
              "restriction:conditional": "no @ (21:00-08:00)",
              "type": "restriction"
            }
          },
          {
            "role": "via",
            "rel": 7283067,
            "reltags": {
              "restriction": "no_right_turn",
              "restriction:bus": "no",
              "restriction:conditional": "no @ (21:00-08:00)",
              "type": "restriction"
            }
          },
          {
            "role": "via",
            "rel": 7283068,
            "reltags": {
              "restriction": "no_right_turn",
              "restriction:bus": "no",
              "restriction:conditional": "no @ (21:00-08:00)",
              "type": "restriction"
            }
          },
          {
            "role": "via",
            "rel": 7283069,
            "reltags": {
              "restriction": "no_right_turn",
              "restriction:bus": "no",
              "restriction:conditional": "no @ (21:00-08:00)",
              "type": "restriction"
            }
          }
        ]
      },
      "geometry": {
        "type": "Point",
        "coordinates": [
          135.76932,
          35.0037796
        ]
      },
      "id": "node/224811905"
    },
    {
      "type": "Feature",
      "properties": {
        "@id": "node/302167575",
        "@relations": [
          {
            "role": "via",
            "rel": 11028484,
            "reltags": {
              "restriction": "only_straight_on",
              "type": "restriction"
            }
          }
        ]
      },
      "geometry": {
        "type": "Point",
        "coordinates": [
          135.7597677,
          34.9963159
        ]
      },
      "id": "node/302167575"
    },
    {
      "type": "Feature",
      "properties": {
        "@id": "node/302761417",
        "@relations": [
          {
            "role": "via",
            "rel": 11588853,
            "reltags": {
              "restriction": "only_right_turn",
              "type": "restriction"
            }
          },
          {
            "role": "via",
            "rel": 11588854,
            "reltags": {
              "restriction": "only_right_turn",
              "type": "restriction"
            }
          }
        ]
      },
      "geometry": {
        "type": "Point",
        "coordinates": [
          135.753042,
          34.9868592
        ]
      },
      "id": "node/302761417"
    },
    {
      "type": "Feature",
      "properties": {
        "@id": "node/313906409",
        "@relations": [
          {
            "role": "via",
            "rel": 16201451,
            "reltags": {
              "restriction": "no_right_turn",
              "type": "restriction"
            }
          },
          {
            "role": "via",
            "rel": 16201452,
            "reltags": {
              "restriction": "no_u_turn",
              "type": "restriction"
            }
          }
        ]
      },
      "geometry": {
        "type": "Point",
        "coordinates": [
          135.7668859,
          35.0001522
        ]
      },
      "id": "node/313906409"
    },
    {
      "type": "Feature",
      "properties": {
        "@id": "node/313906419",
        "@relations": [
          {
            "role": "via",
            "rel": 11577477,
            "reltags": {
              "restriction": "only_straight_on",
              "type": "restriction"
            }
          }
        ]
      },
      "geometry": {
        "type": "Point",
        "coordinates": [
          135.7661473,
          34.9960107
        ]
      },
      "id": "node/313906419"
    },
    {
      "type": "Feature",
      "properties": {
        "@id": "node/419194597",
        "@relations": [
          {
            "role": "via",
            "rel": 17960458,
            "reltags": {
              "restriction": "only_left_turn",
              "type": "restriction"
            }
          }
        ]
      },
      "geometry": {
        "type": "Point",
        "coordinates": [
          135.7557696,
          35.0173839
        ]
      },
      "id": "node/419194597"
    },
    {
      "type": "Feature",
      "properties": {
        "@id": "node/434344339",
        "@relations": [
          {
            "role": "via",
            "rel": 14669464,
            "reltags": {
              "restriction": "no_right_turn",
              "type": "restriction"
            }
          },
          {
            "role": "via",
            "rel": 14669465,
            "reltags": {
              "restriction": "no_u_turn",
              "type": "restriction"
            }
          },
          {
            "role": "via",
            "rel": 14669466,
            "reltags": {
              "restriction": "no_u_turn",
              "type": "restriction"
            }
          }
        ]
      },
      "geometry": {
        "type": "Point",
        "coordinates": [
          135.7690158,
          35.0083504
        ]
      },
      "id": "node/434344339"
    },
    {
      "type": "Feature",
      "properties": {
        "@id": "node/434344345",
        "@relations": [
          {
            "role": "via",
            "rel": 14669467,
            "reltags": {
              "restriction": "no_u_turn",
              "type": "restriction"
            }
          },
          {
            "role": "via",
            "rel": 14669468,
            "reltags": {
              "restriction": "no_u_turn",
              "type": "restriction"
            }
          },
          {
            "role": "via",
            "rel": 14669473,
            "reltags": {
              "restriction": "no_u_turn",
              "type": "restriction"
            }
          },
          {
            "role": "via",
            "rel": 14669474,
            "reltags": {
              "restriction": "only_left_turn",
              "type": "restriction"
            }
          }
        ]
      },
      "geometry": {
        "type": "Point",
        "coordinates": [
          135.7690433,
          35.0079925
        ]
      },
      "id": "node/434344345"
    },
    {
      "type": "Feature",
      "properties": {
        "@id": "node/434344347",
        "@relations": [
          {
            "role": "via",
            "rel": 14669471,
            "reltags": {
              "restriction": "no_u_turn",
              "type": "restriction"
            }
          },
          {
            "role": "via",
            "rel": 14669472,
            "reltags": {
              "restriction": "no_right_turn",
              "type": "restriction"
            }
          },
          {
            "role": "via",
            "rel": 14669475,
            "reltags": {
              "restriction": "no_u_turn",
              "type": "restriction"
            }
          },
          {
            "role": "via",
            "rel": 14669476,
            "reltags": {
              "restriction": "no_right_turn",
              "type": "restriction"
            }
          },
          {
            "role": "via",
            "rel": 14669477,
            "reltags": {
              "restriction": "no_u_turn",
              "type": "restriction"
            }
          }
        ]
      },
      "geometry": {
        "type": "Point",
        "coordinates": [
          135.7690824,
          35.0074561
        ]
      },
      "id": "node/434344347"
    },
    {
      "type": "Feature",
      "properties": {
        "@id": "node/434344350",
        "@relations": [
          {
            "role": "via",
            "rel": 14669478,
            "reltags": {
              "restriction": "no_u_turn",
              "type": "restriction"
            }
          },
          {
            "role": "via",
            "rel": 14669479,
            "reltags": {
              "restriction": "no_right_turn",
              "type": "restriction"
            }
          },
          {
            "role": "via",
            "rel": 14669480,
            "reltags": {
              "restriction": "no_u_turn",
              "type": "restriction"
            }
          },
          {
            "role": "via",
            "rel": 14669481,
            "reltags": {
              "restriction": "only_left_turn",
              "type": "restriction"
            }
          }
        ]
      },
      "geometry": {
        "type": "Point",
        "coordinates": [
          135.7691083,
          35.0070965
        ]
      },
      "id": "node/434344350"
    },
    {
      "type": "Feature",
      "properties": {
        "@id": "node/434344353",
        "@relations": [
          {
            "role": "via",
            "rel": 14669482,
            "reltags": {
              "restriction": "only_left_turn",
              "type": "restriction"
            }
          },
          {
            "role": "via",
            "rel": 14669483,
            "reltags": {
              "restriction": "no_u_turn",
              "type": "restriction"
            }
          },
          {
            "role": "via",
            "rel": 14669484,
            "reltags": {
              "restriction": "no_u_turn",
              "type": "restriction"
            }
          }
        ]
      },
      "geometry": {
        "type": "Point",
        "coordinates": [
          135.7691547,
          35.0064692
        ]
      },
      "id": "node/434344353"
    },
    {
      "type": "Feature",
      "properties": {
        "@id": "node/434344355",
        "@relations": [
          {
            "role": "via",
            "rel": 14669485,
            "reltags": {
              "restriction": "no_u_turn",
              "type": "restriction"
            }
          },
          {
            "role": "via",
            "rel": 14669486,
            "reltags": {
              "restriction": "no_u_turn",
              "type": "restriction"
            }
          }
        ]
      },
      "geometry": {
        "type": "Point",
        "coordinates": [
          135.7691769,
          35.0061728
        ]
      },
      "id": "node/434344355"
    },
    {
      "type": "Feature",
      "properties": {
        "@id": "node/434344368",
        "@relations": [
          {
            "role": "via",
            "rel": 14669491,
            "reltags": {
              "restriction": "no_u_turn",
              "type": "restriction"
            }
          },
          {
            "role": "via",
            "rel": 14669492,
            "reltags": {
              "restriction": "no_right_turn",
              "type": "restriction"
            }
          },
          {
            "role": "via",
            "rel": 14669493,
            "reltags": {
              "restriction": "no_u_turn",
              "type": "restriction"
            }
          }
        ]
      },
      "geometry": {
        "type": "Point",
        "coordinates": [
          135.7692447,
          35.0052541
        ]
      },
      "id": "node/434344368"
    },
    {
      "type": "Feature",
      "properties": {
        "@id": "node/434344457",
        "@relations": [
          {
            "role": "via",
            "rel": 14669469,
            "reltags": {
              "restriction": "no_u_turn",
              "type": "restriction"
            }
          },
          {
            "role": "via",
            "rel": 14669470,
            "reltags": {
              "restriction": "no_u_turn",
              "type": "restriction"
            }
          }
        ]
      },
      "geometry": {
        "type": "Point",
        "coordinates": [
          135.7690672,
          35.0076542
        ]
      },
      "id": "node/434344457"
    },
    {
      "type": "Feature",
      "properties": {
        "@id": "node/508502928",
        "@relations": [
          {
            "role": "via",
            "rel": 7637811,
            "reltags": {
              "restriction": "no_straight_on",
              "type": "restriction"
            }
          }
        ]
      },
      "geometry": {
        "type": "Point",
        "coordinates": [
          135.7514517,
          34.9964119
        ]
      },
      "id": "node/508502928"
    },
    {
      "type": "Feature",
      "properties": {
        "@id": "node/610749265",
        "@relations": [
          {
            "role": "via",
            "rel": 7637812,
            "reltags": {
              "restriction": "only_left_turn",
              "type": "restriction"
            }
          }
        ]
      },
      "geometry": {
        "type": "Point",
        "coordinates": [
          135.7444811,
          34.9961018
        ]
      },
      "id": "node/610749265"
    },
    {
      "type": "Feature",
      "properties": {
        "@id": "node/610749284",
        "@relations": [
          {
            "role": "via",
            "rel": 7637806,
            "reltags": {
              "restriction": "only_left_turn",
              "type": "restriction"
            }
          }
        ]
      },
      "geometry": {
        "type": "Point",
        "coordinates": [
          135.748351,
          34.9962166
        ]
      },
      "id": "node/610749284"
    },
    {
      "type": "Feature",
      "properties": {
        "@id": "node/1321510198",
        "@relations": [
          {
            "role": "via",
            "rel": 7637807,
            "reltags": {
              "restriction": "only_left_turn",
              "type": "restriction"
            }
          }
        ]
      },
      "geometry": {
        "type": "Point",
        "coordinates": [
          135.7500081,
          34.9964512
        ]
      },
      "id": "node/1321510198"
    },
    {
      "type": "Feature",
      "properties": {
        "@id": "node/1324577456",
        "@relations": [
          {
            "role": "via",
            "rel": 19161711,
            "reltags": {
              "restriction": "no_right_turn",
              "type": "restriction"
            }
          }
        ]
      },
      "geometry": {
        "type": "Point",
        "coordinates": [
          135.7384815,
          34.9891675
        ]
      },
      "id": "node/1324577456"
    },
    {
      "type": "Feature",
      "properties": {
        "@id": "node/1694641677",
        "@relations": [
          {
            "role": "via",
            "rel": 18641239,
            "reltags": {
              "restriction": "no_right_turn",
              "type": "restriction"
            }
          }
        ]
      },
      "geometry": {
        "type": "Point",
        "coordinates": [
          135.7425998,
          35.0116917
        ]
      },
      "id": "node/1694641677"
    },
    {
      "type": "Feature",
      "properties": {
        "@id": "node/1744290611",
        "@relations": [
          {
            "role": "via",
            "rel": 11592014,
            "reltags": {
              "except": "bus",
              "restriction": "only_left_turn",
              "type": "restriction"
            }
          }
        ]
      },
      "geometry": {
        "type": "Point",
        "coordinates": [
          135.7489666,
          35.0031476
        ]
      },
      "id": "node/1744290611"
    },
    {
      "type": "Feature",
      "properties": {
        "@id": "node/2779294113",
        "@relations": [
          {
            "role": "via",
            "rel": 17960343,
            "reltags": {
              "restriction": "only_left_turn",
              "type": "restriction"
            }
          }
        ]
      },
      "geometry": {
        "type": "Point",
        "coordinates": [
          135.7534116,
          35.0173586
        ]
      },
      "id": "node/2779294113"
    },
    {
      "type": "Feature",
      "properties": {
        "@id": "node/2779294115",
        "@relations": [
          {
            "role": "via",
            "rel": 15321089,
            "reltags": {
              "restriction": "only_left_turn",
              "type": "restriction"
            }
          }
        ]
      },
      "geometry": {
        "type": "Point",
        "coordinates": [
          135.7550121,
          35.0173758
        ]
      },
      "id": "node/2779294115"
    },
    {
      "type": "Feature",
      "properties": {
        "@id": "node/2779294120",
        "@relations": [
          {
            "role": "via",
            "rel": 15321068,
            "reltags": {
              "restriction": "only_left_turn",
              "type": "restriction"
            }
          },
          {
            "role": "via",
            "rel": 19907685,
            "reltags": {
              "restriction": "only_left_turn",
              "type": "restriction"
            }
          }
        ]
      },
      "geometry": {
        "type": "Point",
        "coordinates": [
          135.7565425,
          35.0173885
        ]
      },
      "id": "node/2779294120"
    },
    {
      "type": "Feature",
      "properties": {
        "@id": "node/2783197873",
        "@relations": [
          {
            "role": "via",
            "rel": 16454726,
            "reltags": {
              "restriction": "only_left_turn",
              "type": "restriction"
            }
          }
        ]
      },
      "geometry": {
        "type": "Point",
        "coordinates": [
          135.7639979,
          34.9872448
        ]
      },
      "id": "node/2783197873"
    },
    {
      "type": "Feature",
      "properties": {
        "@id": "node/2783315729",
        "@relations": [
          {
            "role": "via",
            "rel": 11588857,
            "reltags": {
              "restriction": "only_straight_on",
              "type": "restriction"
            }
          }
        ]
      },
      "geometry": {
        "type": "Point",
        "coordinates": [
          135.7531634,
          34.9871249
        ]
      },
      "id": "node/2783315729"
    },
    {
      "type": "Feature",
      "properties": {
        "@id": "node/2783345520",
        "@relations": [
          {
            "role": "via",
            "rel": 11588856,
            "reltags": {
              "restriction": "only_right_turn",
              "type": "restriction"
            }
          }
        ]
      },
      "geometry": {
        "type": "Point",
        "coordinates": [
          135.7531165,
          34.9871246
        ]
      },
      "id": "node/2783345520"
    },
    {
      "type": "Feature",
      "properties": {
        "@id": "node/3873802598",
        "@relations": [
          {
            "role": "via",
            "rel": 5714036,
            "reltags": {
              "restriction": "only_straight_on",
              "type": "restriction"
            }
          }
        ]
      },
      "geometry": {
        "type": "Point",
        "coordinates": [
          135.7596569,
          34.9961917
        ]
      },
      "id": "node/3873802598"
    },
    {
      "type": "Feature",
      "properties": {
        "@id": "node/5197206056",
        "@relations": [
          {
            "role": "via",
            "rel": 11588855,
            "reltags": {
              "restriction": "only_straight_on",
              "type": "restriction"
            }
          }
        ]
      },
      "geometry": {
        "type": "Point",
        "coordinates": [
          135.7530759,
          34.9871243
        ]
      },
      "id": "node/5197206056"
    },
    {
      "type": "Feature",
      "properties": {
        "@id": "node/10082943374",
        "@relations": [
          {
            "role": "via",
            "rel": 14669487,
            "reltags": {
              "restriction": "only_left_turn",
              "type": "restriction"
            }
          },
          {
            "role": "via",
            "rel": 14669488,
            "reltags": {
              "restriction": "no_u_turn",
              "type": "restriction"
            }
          },
          {
            "role": "via",
            "rel": 14669489,
            "reltags": {
              "restriction": "no_u_turn",
              "type": "restriction"
            }
          },
          {
            "role": "via",
            "rel": 14669490,
            "reltags": {
              "restriction": "no_right_turn",
              "type": "restriction"
            }
          }
        ]
      },
      "geometry": {
        "type": "Point",
        "coordinates": [
          135.7692216,
          35.0055626
        ]
      },
      "id": "node/10082943374"
    },
    {
      "type": "Feature",
      "properties": {
        "@id": "node/5248382772",
        "@relations": [
          {
            "role": "via",
            "rel": 11576235,
            "reltags": {
              "restriction": "only_straight_on",
              "type": "restriction"
            }
          }
        ]
      },
      "geometry": {
        "type": "Point",
        "coordinates": [
          135.7710153,
          35.0038155
        ]
      },
      "id": "node/5248382772"
    }
  ]
}